Baltimore Ravens, BAL
CB,Owen Jennings,21,2026,78,83,84,60,70,82,75,3.0,4
CB,Riley Dawson,28,2019,82,82,71,72,82,83,81,3.6,4
CB,Dominic Webb,33,2019,69,64,63,84,71,77,77,1.7,3
CB,Tanner Bennett,27,2020,64,78,83,59,68,67,61,1.1,2
CB,Jayden Fisher,21,2026,60,82,89,47,61,66,67,0.8,3
CB,Quentin Harper,22,2026,72,89,73,50,73,70,78,2.1,4
CB,Jared James,24,2022,74,77,77,68,73,75,70,2.4,2
CB,Cole Gibson,23,2026,70,78,79,49,77,76,65,1.8,1
S,Kendall Hamilton,27,2020,76,70,69,70,70,85,73,2.7,1
S,Tyler Webb,27,2020,75,81,89,65,68,73,82,2.5,2
S,Tyler Hayes,22,2026,69,84,73,50,75,74,61,1.7,2
S,Caleb Keller,33,2016,74,59,61,79,80,70,67,2.4,1
S,Tyler Ellis,34,2015,92,64,68,65,94,99,92,5.4,3
S,Emmett Shepherd,25,2026,79,90,87,62,86,86,73,3.1,1
DL,Darius Montgomery,21,2026,93,90,85,59,96,86,97,5.6,3
DL,Carter Monroe,32,2023,76,76,70,73,80,84,70,2.7,2
DL,Trevor Spencer,26,2022,76,78,78,54,76,71,85,2.7,4
DL,Jalen Dalton,33,2022,61,62,64,81,66,64,56,0.9,3
DL,Brady Mercer,35,2014,77,61,69,87,81,82,76,2.8,2
DL,Marcus Young,24,2023,73,83,91,55,70,74,79,2.2,2
DL,Isaiah Walker,35,2011,71,54,60,73,68,65,74,2.0,3
DL,Mason Bennett,27,2021,78,79,69,67,75,78,79,3.0,3
DL,Riley Gibson,21,2026,77,84,83,64,84,85,86,2.8,3
DL,Kendall Whitaker,23,2024,74,79,71,56,70,67,70,2.4,4
DL,Aiden Ellis,28,2024,70,71,71,61,77,63,75,1.8,4
LB,Quentin Hayes,25,2025,78,75,82,56,79,80,79,3.0,2
LB,Shane Foster,31,2017,63,67,68,59,70,58,62,1.0,3
LB,Damian Dawson,33,2025,72,61,75,74,74,68,80,2.1,1
LB,Tyler Brooks,21,2026,69,93,70,64,63,72,75,1.7,1
LB,Grant Parker,25,2024,80,82,83,73,80,77,79,3.3,2
LB,Marcus Nash,30,2019,83,65,69,70,81,80,79,3.8,2
OL,Xavier Spencer,22,2026,82,89,72,55,78,80,85,3.6,3
OL,Quentin Williams,25,2023,66,79,83,63,62,68,71,1.3,1
OL,Dominic Whitaker,22,2026,83,84,92,59,80,85,83,3.8,3
OL,Ethan Bennett,31,2017,70,70,79,65,71,68,73,1.8,1
OL,Quentin Morrison,21,2026,60,89,70,53,67,63,54,0.8,1
OL,Darius Keller,23,2026,85,79,78,55,88,78,81,4.1,3
OL,Cameron Reeves,25,2021,82,82,71,72,84,77,79,3.6,4
OL,Jace Watson,35,2014,77,66,69,81,85,78,83,2.8,2
OL,Noah Kincaid,29,2019,71,74,69,57,78,75,75,2.0,3
OL,Roman Cooper,22,2026,70,80,87,60,75,68,70,1.8,3
OL,Tyler Reed,31,2021,79,76,72,60,83,79,82,3.1,3
OL,Grant Kendrick,34,2025,74,60,62,70,77,74,80,2.4,2
K,Kai Nolan,24,2026,81,84,84,59,82,79,40,2.4,4
QB,Jalen Kincaid,32,2019,77,65,72,82,72,78,71,6.6,3
QB,Jared Webb,25,2023,72,76,77,70,80,66,66,4.7,2
QB,Kai Dalton,31,2017,85,65,60,59,86,90,84,10.1,3
RB,Sam Thompson,34,2022,62,64,59,69,65,60,66,1.1,1
RB,Marcus Hamilton,32,2021,66,73,79,73,65,61,64,1.7,4
RB,Kai Lawson,24,2025,84,82,82,60,84,89,92,5.2,4
RB,Nate Vaughn,30,2021,72,77,69,67,76,72,71,2.7,1
WR,Kieran Bennett,26,2021,71,77,92,54,65,80,72,2.5,3
WR,Parker Webb,34,2015,70,60,58,85,69,77,60,2.3,4
WR,Roman Shepherd,24,2024,71,79,72,57,79,72,61,2.5,4
WR,Jace Wilson,35,2024,79,54,66,74,76,84,72,4.1,2
WR,Micah Maddox,21,2026,78,93,92,46,81,80,77,3.9,3
WR,Tristan Nolan,35,2020,71,58,53,79,79,67,68,2.5,2
WR,Sam Jackson,25,2026,65,75,75,63,65,71,73,1.5,3
WR,Andre Gibson,27,2021,52,76,79,64,48,59,57,0.5,1
WR,Caleb Whitaker,27,2025,73,84,71,53,71,72,67,2.9,2
END_PLAYERS
Cleveland Browns, CLE
CB,Jordan Nash,24,2025,89,92,81,69,88,91,92,4.8,2
CB,Caleb Hendrix,23,2026,90,79,75,60,93,85,83,5.0,4
CB,Devin Walker,34,2012,72,66,65,70,70,72,77,2.1,2
CB,Marcus Griffin,24,2024,71,92,86,52,76,78,78,2.0,3
CB,Tyler Chambers,33,2023,75,59,68,79,82,82,71,2.5,4
CB,Tyler Hamilton,22,2026,58,88,77,65,62,60,51,0.6,1
S,Grant Maddox,34,2022,74,61,63,78,67,83,69,2.4,4
S,Kai West,30,2026,63,80,77,65,64,69,65,1.0,3
S,Kendall Wright,24,2024,84,81,78,65,87,82,87,4.0,4
S,Kai Marshall,23,2025,71,89,76,67,64,69,73,2.0,3
S,Owen Hale,24,2022,75,87,92,60,73,74,75,2.5,3
S,Marcus Brooks,30,2024,79,80,81,74,85,82,86,3.1,2
DL,Eli Spencer,30,2023,65,80,74,66,61,64,58,1.2,4
DL,Cole Hayes,26,2024,71,77,80,62,71,69,76,2.0,2
DL,Landon Wyatt,27,2024,79,86,71,63,74,79,80,3.1,4
DL,Isaiah Whitaker,28,2025,64,75,70,62,69,67,73,1.1,1
DL,Andre Patterson,23,2024,70,86,78,54,73,72,79,1.8,3
DL,Tristan Harper,33,2013,84,67,77,69,91,91,87,4.0,4
DL,Noah Patterson,22,2026,93,84,78,48,99,99,88,5.6,4
DL,Quentin Wilcox,29,2017,56,78,75,65,63,63,58,0.5,1
DL,Noah Stanton,34,2026,58,70,67,85,64,58,64,0.6,1
DL,Cameron Carter,31,2022,73,63,68,66,76,81,66,2.2,1
LB,Rowan Taylor,22,2026,63,84,81,57,63,60,66,1.0,4
LB,Nate Sullivan,21,2026,81,91,92,55,87,83,77,3.4,3
LB,Andre Montgomery,24,2022,67,79,87,58,69,63,75,1.5,3
LB,Aiden Coleman,22,2026,68,84,70,50,63,67,69,1.6,2
LB,Shane Hamilton,32,2015,80,63,61,65,77,78,73,3.3,2
LB,Emmett Hendrix,31,2019,62,76,62,72,63,68,63,0.9,2
LB,Keaton Nolan,34,2014,82,65,65,79,83,82,81,3.6,3
OL,Emmett Maddox,25,2021,77,81,83,53,72,80,74,2.8,4
OL,Jaxon Mills,30,2022,59,67,70,71,57,66,54,0.7,4
OL,Kendall Mills,21,2026,59,88,86,57,54,62,59,0.7,1
OL,Landon Wells,22,2026,68,89,75,58,74,73,74,1.6,3
OL,Trevor Sullivan,22,2026,66,90,86,59,73,73,70,1.3,4
OL,Xavier Collins,33,2023,82,70,75,75,82,86,75,3.6,4
OL,Ethan Jackson,32,2014,62,74,75,78,64,69,58,0.9,4
OL,Carter Lawson,24,2025,67,87,89,70,63,62,60,1.5,4
OL,Dylan Wilcox,24,2023,71,87,84,68,67,68,79,2.0,3
OL,Micah Stanton,30,2025,86,70,71,75,85,85,90,4.3,2
OL,Riley West,27,2023,60,74,73,64,55,65,60,0.8,4
OL,Jayden Maddox,30,2025,79,77,80,72,83,72,73,3.1,3
OL,Grant Sloan,35,2015,72,61,72,73,73,76,69,2.1,3
K,Dylan West,25,2021,78,85,76,56,81,74,54,2.1,4
QB,Sawyer Holland,21,2026,86,90,78,48,86,83,90,10.5,2
QB,Dominic Hale,21,2026,60,93,80,65,60,62,51,1.2,2
QB,Sawyer Spencer,32,2022,86,66,62,77,90,93,87,10.5,3
RB,Tyler Jackson,29,2024,60,68,64,70,64,65,64,0.9,2
RB,Carter Parker,26,2021,83,77,78,64,88,80,86,5.0,2
RB,Riley Maddox,30,2018,59,70,66,71,61,66,53,0.8,4
RB,Jalen Morrison,28,2021,83,71,80,72,83,80,92,5.0,3
WR,Nate Webb,33,2017,85,61,64,70,89,94,91,5.4,2
WR,Keaton Hayes,27,2020,71,82,86,75,74,70,73,2.5,3
WR,Owen Foster,35,2023,59,66,59,71,53,61,67,0.8,4
WR,Roman Hunter,21,2026,76,86,70,63,79,78,73,3.4,4
WR,Josiah Gibson,35,2012,70,60,68,82,75,68,71,2.3,1
WR,Emmett Williams,30,2022,81,70,63,80,83,78,81,4.5,3
WR,Dylan Wallace,28,2021,75,74,67,60,76,75,83,3.2,4
WR,Owen Turner,21,2026,90,93,80,53,97,96,81,6.7,4
WR,Kai Nash,31,2016,75,65,60,76,83,75,74,3.2,3
WR,Jalen Brooks,26,2024,56,87,71,68,57,54,48,0.5,3
END_PLAYERS
Cincinnati Bengals, CIN
CB,Keaton Dalton,32,2023,85,62,59,65,79,85,88,4.1,4
CB,Aiden James,28,2018,82,71,72,61,86,80,87,3.6,4
CB,Cameron Wilson,25,2024,73,79,75,58,67,71,75,2.2,2
CB,Jordan Wallace,31,2024,69,64,82,63,61,66,74,1.7,4
CB,Jared Fisher,26,2022,64,78,72,64,69,63,56,1.1,1
CB,Marcus Taylor,31,2023,66,78,76,59,64,74,67,1.3,2
CB,Jalen Cooper,27,2025,60,82,76,71,55,67,59,0.8,4
S,Jared Reeves,25,2023,49,87,81,73,57,54,44,0.5,3
S,Isaiah Kincaid,24,2025,69,87,74,63,61,78,65,1.7,3
S,Devin James,29,2022,69,81,76,73,69,78,64,1.7,1
S,Dylan Hunter,25,2022,76,80,88,54,68,77,70,2.7,4
S,Nate Kendrick,34,2025,71,57,73,67,65,77,76,2.0,3
S,Parker Brooks,29,2024,80,66,72,70,82,82,88,3.3,3
DL,Cole Foster,24,2026,82,91,91,49,91,89,81,3.6,3
DL,Noah Kendrick,33,2023,66,70,60,75,65,59,61,1.3,2
DL,Isaiah Wyatt,35,2012,61,55,69,70,59,66,67,0.9,2
DL,Aiden Vaughn,22,2026,74,86,80,49,71,70,77,2.4,1
DL,Kieran Gibson,26,2021,63,88,70,68,68,60,67,1.0,2
DL,Sawyer Bennett,24,2026,90,83,80,58,86,97,89,5.0,4
DL,Jared Foster,33,2024,64,62,66,65,60,62,64,1.1,1
DL,Cameron Hunter,22,2026,69,88,92,53,77,75,65,1.7,1
DL,Tristan Wright,24,2023,61,82,88,59,59,55,66,0.9,3
DL,Damian Warren,24,2026,70,90,88,69,76,72,69,1.8,4
LB,Cameron Taylor,26,2024,86,73,79,62,85,89,83,4.3,4
LB,Jordan Collins,30,2026,70,72,70,80,68,67,64,1.8,3
LB,Parker Dalton,29,2023,59,72,70,57,65,53,55,0.7,2
LB,Trevor Maddox,30,2026,62,80,79,66,57,58,55,0.9,1
LB,Cole Spencer,27,2022,81,79,79,62,77,77,83,3.4,4
LB,Damian Parker,25,2023,73,90,76,58,77,77,79,2.2,1
LB,Dominic Walker,28,2021,69,78,86,76,74,71,65,1.7,2
OL,Emmett Wright,30,2026,62,66,64,67,61,58,61,0.9,1
OL,Roman Wilcox,25,2023,73,77,79,51,81,75,70,2.2,4
OL,Emmett Montgomery,30,2023,65,74,74,70,69,62,72,1.2,1
OL,Darius Jennings,35,2020,63,57,58,77,62,62,59,1.0,3
OL,Cameron Sullivan,26,2023,89,73,74,52,93,94,89,4.8,4
OL,Sam Turner,35,2018,79,55,54,71,81,74,79,3.1,2
OL,Noah Bennett,35,2022,73,65,72,76,77,77,73,2.2,1
OL,Keaton Young,31,2021,73,73,70,81,75,79,69,2.2,4
OL,Mason Wilson,25,2024,80,78,85,66,79,84,83,3.3,4
OL,Jace Morrison,29,2021,74,78,64,67,70,75,77,2.4,2
OL,Tristan Caldwell,32,2025,73,70,77,72,70,68,70,2.2,1
OL,Marcus Stanton,26,2020,74,80,84,70,73,81,81,2.4,3
K,Jordan Harper,34,2015,60,61,68,80,56,66,64,0.7,1
QB,Brady Watson,22,2026,63,86,86,48,69,60,68,1.9,2
QB,Parker Cooper,26,2026,78,76,77,68,78,75,84,7.0,4
QB,Jared Spencer,21,2026,84,84,72,61,83,91,75,9.6,3
RB,Devin Warren,33,2019,59,74,77,66,65,59,50,0.8,1
RB,Nate Shepherd,25,2025,83,80,84,65,79,82,91,5.0,4
RB,Dominic Tate,27,2024,78,71,82,57,84,82,69,3.9,4
RB,Carter Whitaker,24,2025,79,79,77,70,86,78,74,4.1,1
RB,Gavin Sawyer,28,2019,62,78,70,66,67,65,53,1.1,1
WR,Landon Williams,33,2025,85,63,60,83,92,87,83,5.4,2
WR,Jordan Spencer,24,2023,63,89,71,71,67,68,54,1.2,3
WR,Jaxon Rivers,21,2026,67,85,81,48,69,71,61,1.8,3
WR,Sam Collins,32,2026,78,64,61,61,85,74,75,3.9,4
WR,Damian Reed,27,2025,70,71,81,72,72,79,75,2.3,4
WR,Zachary Morrison,26,2020,76,75,79,56,82,83,77,3.4,1
WR,Nate Bennett,29,2018,80,69,79,62,77,82,70,4.3,2
WR,Keaton Griffin,22,2026,86,91,77,68,83,87,90,5.7,2
WR,Cameron Nolan,31,2019,75,71,79,73,80,76,78,3.2,3
END_PLAYERS
Pittsburgh Steelers, PIT
CB,Emmett Nash,25,2022,44,67,79,52,35,35,35,0.5,2
CB,Devin West,21,2026,46,74,81,49,45,35,43,0.5,4
CB,Shane Carter,31,2025,63,60,70,54,55,64,64,1.0,4
CB,Aiden Sloan,34,2025,53,50,53,60,48,50,40,0.5,1
CB,Isaiah West,26,2021,51,66,71,66,52,44,50,0.5,2
CB,Devin Tate,25,2022,49,69,82,60,39,46,40,0.5,3
CB,Tyler Stanton,24,2026,60,77,84,46,54,60,59,0.8,2
S,Eli Jackson,28,2026,62,74,65,62,55,62,54,0.9,2
S,Micah Reeves,31,2015,53,62,58,64,48,55,45,0.5,3
S,Josiah Keller,24,2025,68,69,68,45,62,66,62,1.6,3
S,Noah Young,32,2024,65,68,70,57,52,55,55,1.2,4
S,Jayden Kincaid,35,2026,71,57,60,71,62,71,65,2.0,1
S,Cameron Keller,24,2025,58,69,76,54,56,48,50,0.6,1
DL,Darius Rhodes,32,2019,56,57,63,55,55,55,50,0.5,1
DL,Gavin Carter,30,2021,49,72,73,67,44,46,47,0.5,2
DL,Kai Mills,25,2023,52,78,77,65,49,48,45,0.5,1
DL,Caleb Hayes,23,2025,50,70,76,40,48,50,50,0.5,1
DL,Kai Hamilton,25,2021,66,72,73,49,67,61,66,1.3,4
DL,Jared Whitaker,29,2024,53,63,67,64,55,40,45,0.5,2
DL,Shane Collins,25,2025,60,73,82,59,61,48,60,0.8,3
DL,Dylan Stanton,28,2022,53,71,71,68,42,40,48,0.5,3
DL,Nate Watson,35,2013,48,54,55,72,50,42,38,0.5,2
DL,Jayden Holland,28,2021,64,72,77,56,57,62,62,1.1,3
DL,Quentin Patterson,30,2020,49,59,72,52,45,48,43,0.5,4
LB,Sam Taylor,29,2018,63,71,69,55,55,64,51,1.0,3
LB,Micah Cooper,21,2026,62,74,85,40,58,52,53,0.9,3
LB,Tristan Dalton,30,2017,44,66,79,71,37,36,41,0.5,2
LB,Parker Maddox,31,2018,59,69,73,54,46,54,53,0.7,2
LB,Zachary Wallace,26,2026,53,75,70,53,41,41,54,0.5,4
LB,Marcus Wells,33,2024,62,51,72,55,54,51,49,0.9,3
OL,Jordan Fisher,32,2017,60,61,72,72,60,60,55,0.8,3
OL,Quentin Wright,23,2026,56,75,87,40,52,54,44,0.5,2
OL,Xavier Reeves,30,2025,46,57,69,69,35,43,43,0.5,1
OL,Darius Webb,21,2026,45,86,68,44,36,43,39,0.5,2
OL,Rowan Monroe,34,2017,61,64,65,69,52,54,53,0.9,3
OL,Jordan Wyatt,22,2026,58,79,83,43,48,51,54,0.6,2
OL,Caleb Wilcox,31,2026,50,66,72,53,38,48,41,0.5,4
OL,Gavin Walker,23,2024,64,81,65,55,65,61,53,1.1,4
OL,Owen Young,23,2026,47,83,70,40,40,42,46,0.5,1
OL,Kieran Marshall,26,2022,60,64,76,63,61,46,46,0.8,2
OL,Landon Brooks,26,2021,53,64,87,48,50,48,42,0.5,2
OL,Parker Parker,29,2025,64,63,72,50,55,54,60,1.1,2
K,Cameron Hendrix,23,2025,61,70,70,56,61,47,47,0.7,1
QB,Damian Turner,28,2020,63,68,70,54,62,52,53,1.9,1
QB,Nate Collins,32,2020,46,66,56,55,41,39,36,0.5,4
QB,Jared Patterson,22,2026,54,84,82,50,48,49,51,0.5,2
RB,Riley Stanton,30,2024,63,67,64,63,56,53,64,1.2,2
RB,Jace Hale,28,2026,49,69,72,54,38,51,38,0.5,4
RB,Isaiah Coleman,25,2021,50,73,84,65,45,46,44,0.5,3
RB,Carter Carter,35,2020,51,56,67,61,41,49,48,0.5,1
RB,Cole Lawson,28,2023,45,69,63,68,37,41,46,0.5,2
WR,Riley Sullivan,21,2026,51,76,83,51,43,51,41,0.5,4
WR,Micah Wallace,23,2023,63,79,84,43,55,56,55,1.2,2
WR,Parker Young,31,2017,50,62,70,73,37,40,44,0.5,2
WR,Cole Maddox,21,2026,49,88,86,39,36,38,39,0.5,4
WR,Jaxon James,21,2026,49,88,65,54,47,38,45,0.5,3
WR,Owen Bennett,22,2026,51,84,74,59,49,51,51,0.5,3
WR,Dylan Gibson,33,2019,66,66,58,73,57,68,66,1.7,4
WR,Shane Lawson,24,2026,64,74,76,53,58,63,47,1.4,2
WR,Riley Patterson,33,2019,58,60,66,63,56,60,43,0.7,2
END_PLAYERS
Buffalo Bills, BUF
CB,Keaton Turner,33,2017,79,68,60,71,79,74,71,3.1,1
CB,Sam Warren,31,2020,70,78,61,60,64,77,74,1.8,2
CB,Sawyer Griffin,35,2025,73,64,62,86,65,76,65,2.2,4
CB,Isaiah Williams,23,2025,67,87,90,58,61,67,64,1.5,1
CB,Dominic Wright,26,2022,70,80,86,71,77,76,62,1.8,4
S,Emmett Stanton,28,2024,78,82,74,55,79,75,80,3.0,3
S,Tristan Ellis,28,2019,76,72,80,67,76,76,78,2.7,1
S,Xavier Brooks,26,2023,68,72,70,52,69,69,63,1.6,4
S,Caleb Jennings,33,2018,82,65,66,75,83,87,90,3.6,2
S,Trevor Wilcox,26,2022,88,88,81,68,94,93,83,4.7,2
S,Emmett Ellis,23,2026,82,79,79,57,82,83,90,3.6,4
DL,Rowan Webb,22,2026,76,85,91,47,72,80,83,2.7,2
DL,Mason Kincaid,32,2015,79,61,73,64,79,84,77,3.1,1
DL,Roman Sullivan,22,2026,71,86,84,53,74,64,76,2.0,1
DL,Bryce Kincaid,30,2024,68,75,62,59,69,72,68,1.6,4
DL,Jace Wallace,21,2026,68,80,75,55,72,76,77,1.6,1
DL,Xavier Williams,25,2026,82,79,87,70,87,87,89,3.6,2
DL,Eli Garrett,35,2018,79,54,58,77,86,78,79,3.1,1
DL,Landon Holland,25,2024,81,83,87,72,86,83,88,3.4,4
DL,Shane Kincaid,30,2021,62,75,75,72,70,68,63,0.9,2
DL,Xavier Wilson,27,2019,64,76,88,75,71,64,70,1.1,1
DL,Riley Warren,31,2025,78,66,68,72,76,81,76,3.0,2
DL,Shane Jennings,34,2021,59,63,65,77,63,52,68,0.7,4
DL,Brady Caldwell,31,2021,67,78,82,80,68,64,72,1.5,3
LB,Jared Lawson,25,2024,79,84,79,73,80,79,81,3.1,4
LB,Andre Hale,24,2022,54,89,91,51,61,55,54,0.5,4
LB,Micah Holland,33,2026,70,64,77,71,68,70,76,1.8,2
LB,Jaxon Coleman,26,2024,61,77,86,74,62,56,70,0.9,4
LB,Zachary Montgomery,23,2023,50,91,74,48,46,54,55,0.5,4
LB,Shane Chambers,25,2023,63,81,73,71,60,62,56,1.0,4
OL,Trevor Griffin,27,2022,83,82,68,54,79,78,77,3.8,4
OL,Damian Kincaid,33,2022,75,64,68,70,77,71,72,2.5,4
OL,Josiah Griffin,25,2024,75,81,92,67,70,70,75,2.5,1
OL,Josiah Stanton,25,2024,82,84,88,68,87,79,77,3.6,2
OL,Tristan Collins,21,2026,83,96,85,56,89,82,89,3.8,4
OL,Caleb Collins,32,2024,79,74,67,75,75,79,87,3.1,3
OL,Xavier Cooper,29,2020,79,75,84,57,87,76,82,3.1,4
OL,Noah Parker,28,2024,81,79,76,64,86,77,87,3.4,3
OL,Riley Reeves,25,2025,67,77,76,68,72,63,67,1.5,4
OL,Roman Nolan,33,2025,90,64,69,72,93,88,85,5.0,4
OL,Cole James,26,2024,60,83,91,67,67,67,67,0.8,1
OL,Jared Wilson,24,2025,75,76,92,59,78,81,69,2.5,1
K,Keaton Montgomery,31,2017,85,67,73,79,81,87,37,2.8,3
QB,Tyler Griffin,24,2026,61,82,79,60,56,63,55,1.4,3
QB,Andre James,32,2022,77,64,62,69,77,80,79,6.6,3
QB,Ethan Marshall,35,2019,72,60,57,67,69,76,64,4.7,4
RB,Parker Hayes,26,2024,72,83,81,72,72,68,64,2.7,1
RB,Devin Marshall,29,2017,64,81,71,62,64,60,69,1.4,1
RB,Zachary Carter,29,2022,92,77,64,67,94,94,85,7.2,4
RB,Josiah Montgomery,27,2020,67,79,70,64,74,71,59,1.8,4
RB,Bryce Marshall,29,2023,77,74,66,65,81,75,68,3.7,3
WR,Darius Turner,24,2023,60,86,86,50,61,64,60,0.9,4
WR,Dominic Shepherd,31,2020,75,74,67,79,74,81,70,3.2,4
WR,Caleb Wright,31,2026,77,77,76,80,77,82,83,3.7,2
WR,Kai Tate,23,2026,72,80,72,68,79,69,78,2.7,3
WR,Devin Sullivan,25,2024,75,86,81,64,81,71,76,3.2,4
WR,Mason James,30,2016,69,79,84,63,72,74,77,2.1,4
WR,Josiah Dawson,24,2023,69,85,77,55,65,75,63,2.1,3
WR,Mason Sloan,34,2016,76,66,74,71,80,77,68,3.4,1
WR,Cole Vaughn,22,2026,71,94,74,57,73,69,71,2.5,3
END_PLAYERS
New England Patriots, NE
CB,Jace Keller,35,2012,65,69,61,75,57,62,71,1.2,4
CB,Carter Gibson,23,2023,71,84,92,67,70,68,75,2.0,1
CB,Shane Griffin,25,2025,66,84,79,69,74,69,72,1.3,2
CB,Isaiah Ellis,26,2025,85,87,82,55,80,87,88,4.1,2
CB,Ethan Wright,35,2019,75,60,52,79,79,71,72,2.5,3
CB,Eli Shepherd,26,2025,74,83,71,63,78,69,69,2.4,1
CB,Rowan Mills,33,2017,68,74,61,72,63,68,67,1.6,3
S,Sam Garrett,35,2016,55,61,60,65,60,60,51,0.5,4
S,Kieran Chambers,29,2019,70,69,72,66,75,74,72,1.8,3
S,Brady Cooper,28,2024,81,84,86,77,88,88,79,3.4,3
S,Eli Young,29,2025,66,69,67,65,68,67,59,1.3,4
S,Parker Mills,23,2026,68,82,78,50,64,68,63,1.6,3
S,Parker Wallace,35,2026,80,63,64,68,84,88,85,3.3,3
DL,Quentin Mercer,27,2025,80,76,77,71,86,79,86,3.3,2
DL,Jayden Warren,33,2026,80,59,78,62,75,82,83,3.3,2
DL,Aiden Young,22,2026,64,84,72,46,62,57,70,1.1,4
DL,Cole Conley,22,2026,79,82,72,47,79,80,80,3.1,4
DL,Devin Spencer,30,2020,70,64,62,59,75,64,65,1.8,4
DL,Mason Chambers,33,2021,68,64,69,72,67,74,71,1.6,3
DL,Devin Coleman,23,2023,76,82,70,52,75,75,76,2.7,3
DL,Jace Hamilton,35,2012,79,66,63,81,82,76,82,3.1,4
DL,Jalen Nolan,33,2026,64,69,57,83,73,67,72,1.1,1
DL,Emmett Reed,29,2023,68,66,78,71,65,68,62,1.6,1
LB,Micah Foster,31,2024,78,78,75,80,83,78,75,3.0,2
LB,Jordan Reed,22,2026,75,93,79,63,79,74,76,2.5,1
LB,Xavier Jennings,26,2023,75,81,86,62,74,70,81,2.5,1
LB,Parker Sloan,21,2026,73,85,92,47,80,78,81,2.2,4
LB,Tyler Monroe,24,2024,60,91,72,58,63,54,53,0.8,1
LB,Keaton Ellis,22,2026,68,85,83,66,65,61,63,1.6,2
LB,Cole Sloan,25,2024,76,76,87,72,69,77,79,2.7,4
OL,Jared Parker,22,2026,85,83,85,54,93,91,81,4.1,4
OL,Jayden Mills,31,2019,84,63,66,78,82,80,84,4.0,3
OL,Rowan Sloan,28,2021,87,82,67,77,85,89,88,4.5,3
OL,Owen Carter,24,2022,74,89,73,61,78,69,73,2.4,2
OL,Jayden Reed,27,2020,73,75,72,69,77,74,75,2.2,4
OL,Kieran Reeves,24,2023,60,79,90,66,58,58,68,0.8,4
OL,Sawyer Maddox,35,2020,65,68,55,70,61,68,64,1.2,2
OL,Tyler Warren,23,2024,68,89,81,55,68,64,69,1.6,1
OL,Tyler Rivers,29,2022,83,73,75,69,86,83,78,3.8,4
OL,Josiah Patterson,22,2026,69,86,91,67,74,74,71,1.7,4
OL,Ethan Whitaker,27,2019,72,76,89,60,70,72,65,2.1,4
OL,Roman Rivers,35,2019,89,55,52,75,92,88,96,4.8,3
K,Sam Gibson,28,2026,79,71,79,61,86,82,50,2.2,4
QB,Gavin Maddox,34,2018,80,59,59,77,80,85,88,7.8,3
QB,Bryce Patterson,29,2020,56,76,81,64,55,58,61,0.6,1
QB,Keaton Sawyer,34,2016,81,59,69,80,78,75,73,8.3,3
RB,Cole Wyatt,27,2023,78,80,79,60,71,83,81,3.9,4
RB,Trevor Keller,25,2022,72,86,78,62,72,73,81,2.7,3
RB,Kieran Wells,21,2026,65,86,89,57,70,61,65,1.5,4
RB,Jace Wilcox,21,2026,55,86,86,52,56,53,56,0.5,2
RB,Ethan Wilson,34,2025,60,72,56,79,66,69,53,0.9,3
WR,Gavin Hale,34,2021,60,65,75,76,56,61,59,0.9,4
WR,Kieran Caldwell,30,2022,66,65,79,61,70,65,71,1.7,2
WR,Andre Wyatt,34,2019,75,67,65,74,76,78,65,3.2,2
WR,Jared Ellis,23,2023,59,89,91,56,53,65,56,0.8,4
WR,Xavier Hamilton,24,2026,77,82,76,60,71,73,69,3.7,2
WR,Andre Nolan,26,2023,76,81,83,72,72,72,81,3.4,4
WR,Mason Shepherd,24,2023,88,87,79,61,96,92,84,6.2,2
WR,Gavin Brooks,25,2021,87,82,87,72,94,89,89,5.9,2
WR,Marcus Parker,26,2020,79,75,91,58,76,81,80,4.1,3
END_PLAYERS
Miami Dolphins, MIA
CB,Josiah Jackson,23,2024,58,92,90,70,57,64,56,0.6,3
CB,Jayden Williams,35,2012,71,61,55,73,78,67,76,2.0,3
CB,Keaton Sloan,31,2026,78,70,63,63,70,87,71,3.0,3
CB,Carter Ellis,34,2015,79,71,76,75,81,83,77,3.1,4
CB,Eli Nolan,25,2022,59,82,88,60,59,59,58,0.7,2
CB,Nate Hayes,27,2025,86,77,78,58,78,84,83,4.3,3
CB,Shane Wyatt,31,2020,63,78,82,66,56,60,70,1.0,4
S,Andre Brooks,31,2019,77,74,69,61,77,72,77,2.8,2
S,Landon Fisher,26,2021,68,79,79,59,73,64,74,1.6,2
S,Xavier Conley,23,2026,74,80,91,56,68,77,77,2.4,3
S,Landon Watson,35,2023,51,62,74,86,55,46,50,0.5,2
S,Trevor Lawson,25,2025,84,86,86,67,84,79,83,4.0,4
S,Riley Ellis,27,2024,63,71,86,57,67,72,60,1.0,4
DL,Emmett Parker,23,2023,49,93,92,61,57,49,48,0.5,4
DL,Tanner Montgomery,29,2026,85,68,81,78,92,80,91,4.1,2
DL,Jace Carter,24,2022,76,82,83,69,77,74,79,2.7,4
DL,Jalen Hamilton,35,2015,77,56,66,76,81,79,84,2.8,3
DL,Keaton Gibson,31,2017,62,67,76,74,71,70,70,0.9,1
DL,Keaton Reed,23,2023,73,94,83,65,74,71,70,2.2,1
DL,Grant Wyatt,28,2026,74,73,71,67,71,72,67,2.4,2
DL,Emmett Chambers,26,2026,68,82,86,57,67,63,66,1.6,3
DL,Andre Bennett,32,2023,84,75,71,78,80,87,91,4.0,3
DL,Josiah Taylor,32,2018,83,60,62,68,91,88,88,3.8,4
LB,Devin Sawyer,25,2022,67,74,75,66,74,64,67,1.5,3
LB,Marcus Sullivan,28,2020,70,79,82,75,69,72,69,1.8,1
LB,Emmett Walker,22,2026,83,82,77,66,83,82,83,3.8,4
LB,Brady Tate,32,2023,58,65,64,82,55,60,67,0.6,4
LB,Micah Shepherd,33,2017,62,64,65,81,67,70,65,0.9,3
LB,Tyler Conley,28,2025,85,72,67,62,80,87,78,4.1,3
LB,Emmett Wallace,35,2012,79,57,66,70,80,74,84,3.1,3
OL,Tyler Bennett,24,2025,77,82,78,63,85,75,81,2.8,1
OL,Noah Webb,23,2026,84,94,89,48,81,87,88,4.0,3
OL,Kendall Foster,21,2026,75,82,78,60,74,80,69,2.5,1
OL,Jace Harper,32,2022,78,64,70,64,76,85,74,3.0,2
OL,Shane Nash,32,2016,77,71,58,64,79,74,83,2.8,3
OL,Carter Vaughn,34,2024,93,56,64,65,88,98,86,5.6,3
OL,Xavier Holland,26,2024,79,76,73,53,86,72,78,3.1,4
OL,Jared Taylor,27,2021,82,76,88,55,88,89,81,3.6,4
OL,Riley Nash,21,2026,69,84,88,46,74,67,74,1.7,2
OL,Cameron Rivers,32,2026,59,74,77,80,56,60,67,0.7,2
OL,Shane Watson,27,2026,75,75,73,62,70,71,83,2.5,1
OL,Keaton Walker,26,2026,76,78,79,73,83,83,81,2.7,3
K,Micah Tate,29,2026,49,81,71,58,55,53,65,0.5,2
QB,Isaiah Wallace,34,2025,89,65,64,82,92,83,82,12.0,2
QB,Aiden Whitaker,24,2023,78,82,88,59,82,81,82,7.0,2
QB,Marcus Wilcox,33,2018,83,67,71,82,88,88,85,9.1,3
RB,Dylan Maddox,33,2013,74,67,61,67,68,83,83,3.0,2
RB,Marcus Walker,22,2026,74,93,78,50,81,69,65,3.0,3
RB,Brady Hayes,33,2023,62,64,65,83,59,64,65,1.1,1
RB,Darius Watson,32,2016,74,70,65,66,78,80,74,3.0,3
RB,Carter Kincaid,29,2022,83,77,70,60,82,91,74,5.0,3
WR,Josiah Kincaid,21,2026,84,84,75,53,84,88,90,5.2,4
WR,Jaxon Mercer,27,2021,70,73,84,59,67,79,76,2.3,3
WR,Noah Hayes,22,2026,73,94,72,66,72,80,64,2.9,4
WR,Jalen Hunter,21,2026,70,82,84,52,69,76,65,2.3,1
WR,Noah Reed,24,2024,71,92,81,50,65,79,62,2.5,1
WR,Parker Fisher,21,2026,73,84,74,61,77,70,77,2.9,4
WR,Devin Stanton,32,2026,84,71,63,80,82,88,87,5.2,2
WR,Darius Holland,26,2023,77,84,76,71,84,81,77,3.7,4
WR,Tristan Hamilton,24,2023,74,90,86,68,81,70,70,3.0,3
END_PLAYERS
New York Jets, NYJ
CB,Parker Holland,31,2017,80,63,68,70,74,81,73,3.3,3
CB,Rowan Gibson,33,2013,64,61,56,67,57,70,64,1.1,1
CB,Damian Fisher,28,2020,66,81,86,57,73,74,71,1.3,2
CB,Marcus Wyatt,32,2020,75,73,58,67,70,71,78,2.5,1
CB,Parker Whitaker,26,2024,81,72,71,53,73,82,80,3.4,4
CB,Zachary Hunter,35,2017,83,63,72,77,86,79,76,3.8,3
CB,Dominic Reeves,29,2018,58,72,66,56,54,53,51,0.6,2
CB,Quentin Wallace,27,2026,48,74,85,75,47,50,49,0.5,1
S,Kendall Bennett,27,2025,81,81,80,59,76,79,81,3.4,2
S,Sawyer Rivers,24,2023,74,89,73,68,77,74,69,2.4,3
S,Parker Coleman,24,2025,65,80,70,69,63,61,62,1.2,1
S,Andre Griffin,28,2019,70,81,70,58,71,65,77,1.8,2
S,Darius Wyatt,28,2019,68,83,84,57,61,76,71,1.6,2
S,Cole Wilcox,25,2024,58,81,71,64,51,54,64,0.6,1
DL,Tanner Hendrix,24,2024,74,91,80,61,74,75,72,2.4,4
DL,Xavier Garrett,21,2026,62,84,81,54,64,56,66,0.9,1
DL,Eli Rivers,26,2021,74,74,74,55,78,74,73,2.4,2
DL,Josiah Rhodes,29,2025,70,77,75,58,66,73,65,1.8,4
DL,Parker Rhodes,30,2019,52,74,70,68,53,59,58,0.5,2
DL,Quentin Kendrick,26,2021,58,77,78,56,59,61,62,0.6,2
DL,Brady Bennett,23,2026,71,94,78,64,76,78,71,2.0,4
DL,Noah Coleman,22,2026,91,82,81,48,98,91,97,5.2,2
DL,Tyler Rhodes,21,2026,72,92,75,55,80,73,78,2.1,2
DL,Aiden Bennett,29,2023,70,72,86,64,66,70,78,1.8,1
DL,Ethan Keller,30,2021,69,71,83,69,76,70,72,1.7,4
LB,Keaton Wilson,26,2023,70,86,71,59,63,68,78,1.8,3
LB,Shane Wright,33,2018,77,64,68,69,76,70,76,2.8,1
LB,Zachary Griffin,31,2021,70,74,74,79,68,77,64,1.8,2
LB,Andre Walker,30,2022,49,68,84,59,52,56,49,0.5,1
LB,Micah Brooks,27,2019,56,82,78,72,62,62,51,0.5,2
OL,Isaiah Carter,26,2024,77,86,90,52,76,73,83,2.8,1
OL,Cameron Shepherd,33,2020,72,61,73,82,76,79,71,2.1,1
OL,Jayden Jackson,22,2026,70,84,82,67,65,68,63,1.8,2
OL,Tanner Shepherd,23,2026,77,84,84,60,73,76,77,2.8,3
OL,Quentin Foster,22,2026,65,87,88,65,70,63,66,1.2,1
OL,Caleb Wallace,33,2024,69,62,76,66,64,65,75,1.7,2
OL,Shane Montgomery,30,2017,85,78,69,67,80,88,89,4.1,4
OL,Sam James,21,2026,78,83,74,50,78,83,82,3.0,4
OL,Tyler Wells,31,2015,63,62,65,62,59,63,67,1.0,3
OL,Grant Vaughn,31,2024,67,78,77,78,66,63,62,1.5,3
OL,Tristan Rhodes,29,2023,71,70,85,57,74,79,66,2.0,2
OL,Jalen Chambers,26,2024,75,78,77,53,78,76,72,2.5,1
K,Jordan Brooks,32,2024,86,72,79,73,80,93,46,2.9,2
QB,Owen Montgomery,22,2026,69,93,91,58,69,68,76,3.7,3
QB,Keaton Conley,27,2020,75,76,88,73,77,72,74,5.8,1
QB,Tyler Vaughn,23,2024,59,87,83,58,62,65,55,1.0,1
RB,Jared Kincaid,31,2017,62,71,74,70,61,71,67,1.1,4
RB,Marcus Mercer,21,2026,71,87,89,66,69,66,75,2.5,4
RB,Jared Holland,26,2021,74,72,83,66,81,79,68,3.0,1
RB,Keaton Coleman,31,2022,73,73,65,81,68,74,64,2.9,2
RB,Cole Harper,35,2013,72,58,55,83,76,77,74,2.7,3
WR,Jared Griffin,34,2012,68,69,60,67,67,73,58,2.0,1
WR,Kai Sloan,23,2025,59,85,71,62,55,62,66,0.8,2
WR,Rowan Kincaid,24,2025,77,87,91,53,80,81,74,3.7,2
WR,Ethan Webb,23,2026,86,94,79,62,80,91,91,5.7,4
WR,Isaiah Hale,28,2020,75,84,73,67,79,71,80,3.2,1
WR,Gavin Foster,27,2025,65,75,69,53,65,63,63,1.5,4
WR,Zachary Rivers,26,2021,60,73,87,73,68,67,60,0.9,1
WR,Aiden Walker,30,2019,66,70,68,77,67,64,56,1.7,3
WR,Xavier Hayes,23,2023,76,79,73,64,84,80,81,3.4,3
END_PLAYERS
Tennessee Titans, TEN
CB,Zachary Reed,35,2025,90,64,58,87,87,87,97,5.0,2
CB,Zachary Kincaid,25,2025,52,85,70,66,50,61,53,0.5,3
CB,Tanner Vaughn,29,2019,76,70,78,66,84,82,79,2.7,3
CB,Nate West,25,2021,70,74,85,60,65,66,76,1.8,3
CB,Jared Garrett,30,2017,77,77,62,78,77,84,83,2.8,1
S,Shane Mercer,32,2025,67,63,71,65,67,63,64,1.5,1
S,Damian Conley,28,2023,87,78,80,66,93,90,84,4.5,3
S,Cole Reeves,24,2025,68,80,77,60,73,70,68,1.6,4
S,Jordan Wright,33,2017,75,73,76,81,67,70,74,2.5,2
S,Jordan Thompson,21,2026,73,95,73,48,76,69,80,2.2,3
S,Zachary Cooper,34,2012,75,59,55,63,69,82,76,2.5,3
DL,Caleb Nash,34,2025,63,65,64,75,68,61,60,1.0,3
DL,Jared Reed,34,2018,63,67,72,72,59,65,61,1.0,1
DL,Dominic Spencer,24,2024,68,78,75,49,72,62,72,1.6,1
DL,Parker Turner,21,2026,59,86,77,51,58,55,63,0.7,4
DL,Cameron Hale,30,2019,56,78,75,58,54,64,59,0.5,1
DL,Jaxon Tate,23,2025,77,84,79,61,77,74,84,2.8,4
DL,Caleb Holland,27,2023,50,75,79,68,53,55,45,0.5,4
DL,Owen Shepherd,22,2026,85,81,92,56,92,89,84,4.1,3
DL,Gavin Watson,31,2017,60,78,63,59,67,56,57,0.8,4
DL,Emmett Mills,27,2020,68,83,85,66,74,73,73,1.6,4
DL,Aiden Jennings,31,2023,63,62,74,78,63,68,71,1.0,4
LB,Carter Coleman,28,2022,68,84,80,66,76,75,66,1.6,3
LB,Parker Wells,25,2022,89,86,74,72,93,93,93,4.8,4
LB,Damian Brooks,27,2023,79,79,81,56,87,84,87,3.1,4
LB,Rowan Dawson,22,2026,71,96,72,57,72,67,80,2.0,4
LB,Keaton Stanton,30,2021,70,72,64,71,69,70,78,1.8,1
LB,Noah Griffin,29,2019,69,72,64,63,71,71,74,1.7,3
OL,Xavier Warren,26,2021,71,85,72,68,68,66,68,2.0,3
OL,Mason Fisher,34,2013,61,66,62,63,57,69,61,0.9,4
OL,Riley Wilcox,23,2024,60,89,78,50,66,59,55,0.8,3
OL,Roman Whitaker,35,2025,78,59,54,68,76,85,79,3.0,4
OL,Kieran Wallace,25,2023,57,90,78,60,53,54,56,0.6,2
OL,Dylan Coleman,35,2021,68,64,73,73,76,64,62,1.6,4
OL,Cameron Foster,35,2025,69,69,56,81,73,67,77,1.7,2
OL,Dylan Walker,27,2023,77,75,75,53,77,74,71,2.8,3
OL,Gavin Collins,27,2024,77,81,72,75,83,72,80,2.8,3
OL,Darius Mills,21,2026,60,91,76,46,61,65,60,0.8,4
OL,Jordan Parker,33,2026,50,62,73,81,53,45,56,0.5,1
OL,Isaiah Parker,27,2023,70,70,81,55,69,66,69,1.8,3
K,Kieran Foster,23,2026,61,85,71,62,65,62,52,0.7,1
QB,Sam Dalton,23,2026,75,94,92,60,75,72,79,5.8,4
QB,Marcus Spencer,25,2023,73,74,92,64,72,79,76,5.1,4
QB,Mason Jennings,29,2022,86,66,75,74,84,82,87,10.5,3
RB,Zachary Sloan,35,2023,60,58,66,76,62,68,63,0.9,2
RB,Eli Parker,22,2026,59,91,88,53,64,64,56,0.8,4
RB,Jaxon Carter,26,2020,69,78,80,71,67,64,69,2.1,2
RB,Tristan Wallace,33,2017,81,74,77,71,74,81,83,4.5,3
RB,Micah Coleman,23,2023,76,93,84,69,69,78,73,3.4,3
RB,Tyler Wallace,33,2026,74,67,77,80,81,75,66,3.0,3
WR,Rowan Bennett,32,2014,57,63,63,63,53,62,63,0.6,2
WR,Trevor Harper,21,2026,67,93,79,51,74,70,64,1.8,3
WR,Tyler Kincaid,21,2026,75,83,75,60,78,72,67,3.2,1
WR,Noah Mercer,28,2026,94,72,66,76,88,95,99,7.7,2
WR,Sawyer Jackson,33,2016,71,74,67,76,74,71,70,2.5,1
WR,Andre Hendrix,31,2017,73,78,72,75,69,76,77,2.9,4
WR,Cole Morrison,28,2024,79,70,71,65,76,88,72,4.1,2
WR,Gavin Fisher,30,2017,80,65,79,75,77,76,87,4.3,3
WR,Carter Hamilton,32,2020,62,76,78,80,67,67,58,1.1,3
WR,Shane Jackson,33,2021,83,61,61,75,87,90,90,5.0,3
END_PLAYERS
Jacksonville Jaguars, JAX
CB,Parker James,25,2022,82,84,72,57,90,77,74,3.6,4
CB,Quentin Hale,23,2025,70,93,77,60,67,74,72,1.8,4
CB,Jordan Maddox,24,2026,68,92,88,68,71,71,60,1.6,3
CB,Jace Stanton,26,2020,70,76,88,60,73,73,77,1.8,4
CB,Darius Maddox,25,2021,82,83,85,62,86,78,89,3.6,2
CB,Carter Wyatt,28,2020,58,75,76,70,57,57,65,0.6,4
CB,Jared Caldwell,22,2026,69,80,89,62,67,75,68,1.7,3
S,Sam Caldwell,33,2019,76,71,75,77,76,73,70,2.7,3
S,Jared Tate,23,2023,88,94,75,50,81,90,88,4.7,2
S,Marcus Jackson,23,2024,77,81,75,54,80,74,74,2.8,4
S,Bryce Hayes,32,2022,69,66,72,76,69,74,62,1.7,1
S,Jace Dawson,26,2020,71,75,70,66,68,71,76,2.0,2
S,Sawyer Gibson,29,2019,77,80,76,77,82,85,74,2.8,4
DL,Nate Williams,24,2022,68,89,71,49,75,73,66,1.6,4
DL,Rowan Maddox,33,2018,77,62,65,71,85,70,74,2.8,1
DL,Carter Griffin,34,2023,78,61,68,70,84,77,76,3.0,1
DL,Darius Sullivan,34,2024,78,61,66,80,77,81,71,3.0,1
DL,Damian Montgomery,21,2026,83,89,70,60,78,76,91,3.8,2
DL,Damian Hendrix,30,2017,58,73,64,62,62,64,65,0.6,4
DL,Cole Dalton,27,2025,56,80,76,66,64,55,63,0.5,1
DL,Cole West,23,2025,72,84,78,53,79,79,81,2.1,1
DL,Carter Fisher,21,2026,72,90,78,62,80,66,77,2.1,2
DL,Tanner Chambers,28,2026,60,76,81,74,56,55,59,0.8,3
LB,Rowan Garrett,26,2023,62,74,71,74,67,70,62,0.9,3
LB,Keaton Garrett,34,2012,79,68,56,63,72,78,72,3.1,4
LB,Zachary Kendrick,32,2023,65,74,76,82,60,73,68,1.2,4
LB,Nate Jennings,22,2026,57,91,83,56,62,59,57,0.6,1
LB,Andre Morrison,22,2026,54,83,77,59,55,52,61,0.5,2
LB,Damian Bennett,21,2026,88,90,91,65,82,81,87,4.7,3
LB,Rowan Spencer,22,2026,84,80,87,66,84,86,85,4.0,3
OL,Tristan Taylor,24,2026,68,92,74,49,66,70,69,1.6,2
OL,Grant Ellis,33,2024,78,68,66,75,79,85,75,3.0,2
OL,Jayden Walker,35,2024,92,66,55,82,95,97,87,5.4,2
OL,Marcus Holland,29,2017,85,75,81,77,82,80,86,4.1,3
OL,Kai Williams,35,2024,78,65,69,86,81,84,84,3.0,3
OL,Noah Marshall,30,2018,74,78,70,74,82,73,69,2.4,1
OL,Devin Jennings,27,2023,75,72,74,66,75,79,71,2.5,2
OL,Trevor Kendrick,22,2026,69,89,88,60,74,71,72,1.7,4
OL,Xavier Wyatt,33,2023,59,69,74,76,61,54,54,0.7,3
OL,Sam Mercer,33,2023,76,74,59,79,76,81,83,2.7,1
OL,Jayden Garrett,24,2023,79,92,92,62,80,80,73,3.1,2
OL,Josiah Holland,26,2026,80,88,88,59,84,80,73,3.3,3
K,Aiden Cooper,32,2017,84,76,60,74,89,83,48,2.7,4
QB,Roman Sawyer,29,2022,68,82,69,72,76,75,59,3.3,3
QB,Noah Montgomery,33,2020,72,64,72,68,68,75,72,4.7,4
QB,Riley Keller,32,2019,79,68,79,69,79,81,69,7.4,2
RB,Jaxon Jennings,21,2026,67,82,90,63,75,66,72,1.8,1
RB,Xavier Nash,21,2026,84,93,84,59,86,90,76,5.2,4
RB,Zachary Williams,22,2026,71,92,80,49,66,67,74,2.5,3
RB,Nate Garrett,31,2018,63,63,78,76,59,71,56,1.2,4
RB,Aiden Turner,30,2025,50,64,68,69,46,49,52,0.5,2
WR,Aiden Webb,26,2020,73,76,83,63,68,70,76,2.9,4
WR,Jalen James,30,2022,70,66,76,77,74,73,65,2.3,4
WR,Caleb West,25,2024,65,81,70,65,59,62,61,1.5,2
WR,Shane Marshall,23,2025,87,82,88,49,92,83,81,5.9,3
WR,Isaiah Lawson,32,2017,68,64,72,73,68,74,62,2.0,2
WR,Landon Nolan,24,2024,68,77,89,67,72,68,58,2.0,4
WR,Jaxon Hendrix,33,2026,80,73,68,78,87,79,87,4.3,4
WR,Sam Marshall,21,2026,66,89,84,47,72,71,60,1.7,3
WR,Damian Shepherd,28,2025,88,81,73,72,91,94,83,6.2,4
END_PLAYERS
Houston Texans, HOU
CB,Dominic Ellis,31,2022,64,69,73,73,67,65,64,1.1,1
CB,Aiden Foster,28,2026,84,81,88,61,89,83,87,4.0,2
CB,Aiden Lawson,34,2019,84,64,61,81,82,91,89,4.0,3
CB,Jordan Rhodes,30,2018,80,80,63,66,81,85,77,3.3,4
CB,Carter Jennings,29,2021,79,70,84,57,77,76,77,3.1,1
CB,Trevor Morrison,32,2019,70,71,79,72,71,79,71,1.8,2
CB,Micah Chambers,32,2016,70,63,59,61,67,71,68,1.8,1
S,Zachary James,31,2018,72,74,75,61,73,75,64,2.1,3
S,Dylan Wells,22,2026,82,91,86,51,84,81,77,3.6,3
S,Caleb Sullivan,32,2023,58,65,78,68,50,64,55,0.6,3
S,Devin Garrett,22,2026,59,95,81,49,57,66,57,0.7,4
S,Shane Patterson,25,2025,85,80,91,63,78,84,79,4.1,2
S,Sam Rivers,31,2025,68,78,80,81,62,73,76,1.6,1
DL,Andre Kincaid,35,2018,79,69,64,67,87,77,79,3.1,4
DL,Dominic Griffin,23,2026,72,79,79,59,78,72,75,2.1,2
DL,Gavin Hamilton,28,2021,84,79,69,70,79,86,90,4.0,2
DL,Tristan Coleman,29,2022,75,82,81,73,81,75,69,2.5,1
DL,Brady Lawson,32,2021,75,69,73,77,77,77,74,2.5,1
DL,Shane Hendrix,22,2026,69,92,82,49,75,73,64,1.7,4
DL,Jordan Mercer,32,2014,58,74,77,79,66,57,55,0.6,1
DL,Keaton Hamilton,23,2023,74,78,91,68,73,76,81,2.4,2
DL,Brady Patterson,34,2014,77,71,67,72,85,77,77,2.8,2
DL,Damian Vaughn,25,2021,75,82,70,51,81,68,78,2.5,1
LB,Jayden Brooks,24,2025,75,86,85,64,79,71,77,2.5,1
LB,Quentin Thompson,30,2017,77,71,63,72,71,84,85,2.8,4
LB,Mason Monroe,35,2017,72,63,55,80,71,66,79,2.1,2
LB,Marcus Webb,31,2015,60,71,75,61,58,61,68,0.8,4
LB,Cameron Nash,31,2016,80,62,79,72,74,82,83,3.3,4
LB,Darius Nash,28,2020,49,76,69,76,48,45,42,0.5,2
LB,Nate Wilson,34,2019,81,56,57,85,75,76,86,3.4,3
OL,Aiden Montgomery,21,2026,76,85,76,46,84,83,82,2.7,3
OL,Aiden Morrison,32,2020,72,70,71,64,78,80,78,2.1,1
OL,Bryce Wilson,22,2026,74,89,76,56,82,72,75,2.4,2
OL,Trevor Tate,32,2022,74,63,61,68,74,82,79,2.4,1
OL,Kai Collins,26,2020,60,85,73,55,59,54,67,0.8,4
OL,Nate Wells,30,2023,76,66,67,79,84,80,71,2.7,4
OL,Eli Wilson,30,2019,94,71,64,63,93,96,99,5.8,2
OL,Jalen Reeves,26,2025,77,77,85,60,81,85,74,2.8,4
OL,Josiah Nolan,25,2022,73,75,92,63,74,66,78,2.2,2
OL,Roman Carter,22,2026,82,86,90,62,86,89,84,3.6,3
OL,Quentin Watson,29,2022,65,73,69,63,68,59,60,1.2,4
OL,Sam Vaughn,28,2022,62,68,78,70,58,58,64,0.9,3
K,Sawyer Watson,31,2019,68,74,74,64,75,73,62,1.2,1
QB,Sam Watson,31,2020,68,63,60,68,72,62,75,3.3,1
QB,Aiden Caldwell,23,2025,70,92,90,56,77,77,65,4.0,4
QB,Jordan Warren,28,2024,90,78,79,72,87,90,87,12.4,3
RB,Trevor Montgomery,28,2018,78,73,78,63,85,83,76,3.9,4
RB,Sam Chambers,23,2026,81,78,76,64,89,79,89,4.5,4
RB,Eli Taylor,30,2022,73,65,64,69,67,72,71,2.9,3
RB,Caleb Reeves,29,2023,83,71,71,60,79,91,87,5.0,2
RB,Tanner Taylor,29,2018,68,81,67,67,61,67,62,2.0,2
WR,Kendall Williams,34,2025,75,56,63,69,75,81,76,3.2,1
WR,Ethan Collins,25,2025,63,82,82,63,58,64,62,1.2,4
WR,Marcus Conley,21,2026,80,88,78,59,74,78,84,4.3,2
WR,Sam Holland,27,2025,73,80,86,73,79,78,79,2.9,4
WR,Darius Stanton,31,2017,71,75,63,68,78,71,68,2.5,4
WR,Ethan Wells,21,2026,76,81,73,46,83,82,71,3.4,4
WR,Cameron Turner,35,2024,69,69,67,74,74,72,65,2.1,4
WR,Shane Dalton,28,2020,58,70,76,73,55,59,48,0.7,4
WR,Damian Watson,31,2015,79,72,62,73,81,81,77,4.1,1
END_PLAYERS
Indianapolis Colts, IND
CB,Caleb Turner,33,2025,67,67,71,64,75,74,75,1.5,1
CB,Xavier Foster,21,2026,62,90,70,65,65,69,60,0.9,1
CB,Dylan Patterson,35,2020,68,66,73,72,70,75,66,1.6,4
CB,Parker Nolan,22,2026,73,87,75,62,77,77,70,2.2,3
CB,Rowan Foster,21,2026,83,95,91,53,82,82,86,3.8,2
CB,Parker Monroe,24,2026,69,85,88,57,62,68,73,1.7,1
CB,Sam Nash,32,2022,74,62,77,73,69,75,74,2.4,2
S,Grant Spencer,21,2026,83,90,72,50,85,86,79,3.8,4
S,Brady James,24,2023,76,89,81,49,70,73,68,2.7,1
S,Caleb Hamilton,27,2021,74,85,78,56,68,77,79,2.4,2
S,Shane Nolan,31,2016,76,77,79,79,73,79,83,2.7,3
S,Dylan Nash,34,2015,66,70,63,71,64,62,65,1.3,2
S,Parker Dawson,33,2021,78,72,69,74,86,87,83,3.0,1
DL,Sawyer Marshall,28,2022,73,81,74,73,71,77,70,2.2,2
DL,Mason Hale,21,2026,85,84,88,64,82,79,84,4.1,4
DL,Brady West,34,2024,77,58,57,67,81,78,80,2.8,3
DL,Carter Morrison,25,2023,84,75,70,72,81,90,89,4.0,4
DL,Jayden Wilcox,30,2018,82,77,77,78,80,77,81,3.6,4
DL,Parker Hale,28,2024,71,72,80,61,68,73,78,2.0,2
DL,Devin Gibson,23,2025,84,85,88,49,82,81,79,4.0,3
DL,Caleb Wilson,32,2022,85,63,73,61,85,92,85,4.1,3
DL,Bryce Spencer,31,2017,81,63,60,69,87,83,76,3.4,2
DL,Kai Sullivan,28,2021,79,72,77,55,79,81,80,3.1,1
DL,Roman Montgomery,35,2023,75,58,58,67,73,75,71,2.5,2
LB,Jayden Collins,25,2021,56,77,87,61,64,62,53,0.5,3
LB,Jayden Parker,22,2026,79,88,83,64,85,85,80,3.1,2
LB,Roman Chambers,26,2020,58,74,77,54,60,58,64,0.6,3
LB,Kendall Dawson,32,2017,70,63,77,81,64,74,78,1.8,1
LB,Tristan Montgomery,26,2026,63,84,89,74,58,56,62,1.0,3
LB,Rowan Williams,25,2021,74,82,80,66,81,76,81,2.4,3
OL,Micah Nolan,25,2022,72,85,83,64,79,75,72,2.1,4
OL,Kendall Lawson,23,2025,67,79,70,56,64,62,70,1.5,2
OL,Trevor Caldwell,33,2025,78,64,60,77,76,84,80,3.0,3
OL,Cameron Watson,31,2020,70,63,71,65,78,78,68,1.8,4
OL,Jordan Keller,21,2026,62,94,79,63,60,70,62,0.9,1
OL,Jalen Wilcox,30,2026,76,71,79,72,71,72,83,2.7,1
OL,Andre Watson,27,2021,78,86,90,63,75,81,75,3.0,3
OL,Cameron Cooper,25,2023,70,86,91,63,70,77,70,1.8,1
OL,Ethan Hendrix,29,2025,84,77,68,69,83,90,82,4.0,3
OL,Jace Caldwell,22,2026,75,91,71,46,76,68,77,2.5,4
OL,Josiah Hendrix,35,2026,77,64,54,76,73,78,73,2.8,2
OL,Grant Wilson,29,2023,69,80,76,74,71,73,65,1.7,4
K,Rowan Lawson,30,2019,74,66,71,70,71,81,44,1.7,2
K,Zachary Stanton,27,2019,61,73,75,71,61,63,64,0.7,4
QB,Sam Wells,23,2024,53,88,87,68,48,46,55,0.5,2
QB,Tyler Nash,24,2026,68,92,72,54,67,66,62,3.3,3
QB,Jalen Wyatt,33,2024,71,66,61,72,68,70,66,4.3,2
RB,Josiah Cooper,30,2022,56,72,62,61,51,56,64,0.5,4
RB,Marcus Sawyer,30,2022,66,73,80,71,74,67,73,1.7,1
RB,Shane Maddox,28,2018,76,71,78,56,81,81,68,3.4,1
RB,Isaiah Watson,26,2025,77,73,82,66,77,72,81,3.7,3
WR,Josiah Tate,33,2013,73,67,69,84,69,71,78,2.9,3
WR,Tristan Kincaid,25,2025,77,86,84,63,82,74,71,3.7,4
WR,Andre Cooper,23,2025,74,88,74,66,69,77,82,3.0,3
WR,Parker Thompson,29,2021,71,76,67,58,66,69,69,2.5,2
WR,Xavier Webb,27,2022,71,82,87,70,66,67,68,2.5,1
WR,Mason Griffin,32,2015,60,65,73,68,65,69,58,0.9,1
WR,Jaxon Wallace,31,2020,71,73,64,77,67,79,74,2.5,3
WR,Rowan Cooper,31,2023,78,71,69,69,80,84,84,3.9,3
WR,Noah Keller,24,2023,77,90,78,64,75,85,76,3.7,2
END_PLAYERS
Kansas City Chiefs, KC
CB,Parker Gibson,26,2021,65,80,80,65,70,68,62,1.2,1
CB,Kai Jackson,26,2020,68,85,82,61,75,72,68,1.6,3
CB,Sam Jennings,24,2022,77,79,91,64,76,74,71,2.8,1
CB,Aiden Hamilton,26,2023,82,78,73,58,89,81,85,3.6,3
CB,Tanner Monroe,35,2017,79,62,55,66,79,86,81,3.1,3
CB,Kendall Patterson,23,2025,82,87,88,65,77,77,90,3.6,2
CB,Dylan Ellis,31,2019,82,64,81,67,82,78,78,3.6,3
S,Riley Collins,33,2015,76,70,74,73,75,74,69,2.7,3
S,Nate Monroe,22,2026,73,85,78,50,69,71,66,2.2,1
S,Tyler Hale,23,2023,73,78,86,49,76,69,75,2.2,1
S,Landon Thompson,28,2025,74,84,73,68,75,75,79,2.4,4
S,Jordan Cooper,26,2024,85,82,70,68,81,80,84,4.1,4
S,Landon Hamilton,21,2026,85,82,73,46,77,89,92,4.1,3
DL,Kai Morrison,21,2026,68,95,83,59,71,62,74,1.6,2
DL,Isaiah Vaughn,27,2023,77,85,80,71,84,73,74,2.8,3
DL,Kai Garrett,30,2022,71,79,80,72,76,68,64,2.0,1
DL,Noah Taylor,28,2025,58,80,66,58,55,51,66,0.6,4
DL,Noah Garrett,35,2020,84,64,74,71,89,84,91,4.0,4
DL,Andre Vaughn,34,2023,60,72,57,66,66,64,66,0.8,2
DL,Emmett Rivers,32,2019,88,70,70,73,96,94,97,4.7,4
DL,Caleb Wells,32,2026,85,69,59,77,85,86,91,4.1,3
DL,Parker Lawson,23,2024,78,90,77,60,82,80,83,3.0,2
DL,Caleb Maddox,25,2022,85,83,87,61,90,86,91,4.1,4
LB,Roman Mercer,33,2019,78,58,70,76,84,72,77,3.0,4
LB,Nate Stanton,27,2021,70,70,84,65,72,77,75,1.8,1
LB,Keaton Holland,21,2026,56,87,86,49,55,49,55,0.5,4
LB,Sawyer Wells,22,2026,62,87,82,50,67,68,58,0.9,2
LB,Ethan Walker,22,2026,58,89,78,66,55,65,65,0.6,4
LB,Jalen Nash,31,2016,63,63,67,66,58,59,62,1.0,4
LB,Zachary Wright,32,2022,64,60,72,67,59,61,73,1.1,2
OL,Parker Reed,25,2022,82,80,88,65,88,89,81,3.6,2
OL,Jayden James,23,2023,73,78,70,48,79,67,74,2.2,1
OL,Aiden Mercer,26,2020,65,82,89,72,72,73,68,1.2,4
OL,Jaxon Nolan,32,2019,76,62,65,61,80,72,78,2.7,1
OL,Quentin Gibson,34,2022,89,56,68,76,87,96,91,4.8,2
OL,Tristan Foster,21,2026,62,84,75,45,68,69,59,0.9,2
OL,Parker Rivers,22,2026,73,90,70,67,79,80,71,2.2,4
OL,Ethan Holland,27,2022,58,72,79,68,60,55,51,0.6,2
OL,Marcus Whitaker,26,2023,91,76,79,52,98,93,84,5.2,3
OL,Sawyer Reed,33,2021,58,69,68,66,54,63,51,0.6,3
OL,Mason Brooks,24,2026,60,76,76,51,58,60,65,0.8,2
OL,Marcus Marshall,35,2013,68,70,65,73,76,69,74,1.6,3
K,Aiden Thompson,24,2023,75,84,87,70,79,79,55,1.8,2
QB,Nate Morrison,31,2019,73,66,78,77,79,68,81,5.1,4
QB,Tanner Tate,30,2025,74,66,81,68,80,81,65,5.4,3
QB,Bryce Wright,27,2022,72,76,73,55,67,73,62,4.7,2
RB,Josiah Vaughn,33,2024,71,63,64,79,65,79,79,2.5,2
RB,Devin Mills,29,2022,77,66,84,78,75,84,83,3.7,2
RB,Jared Rivers,22,2026,71,84,75,47,77,72,79,2.5,4
RB,Devin Wells,21,2026,60,88,74,59,62,63,59,0.9,1
RB,Jared Chambers,33,2019,85,71,64,81,82,81,91,5.4,4
WR,Emmett Tate,34,2025,68,70,55,82,69,72,63,2.0,2
WR,Tanner Mercer,26,2021,81,82,91,55,80,82,86,4.5,2
WR,Caleb Coleman,23,2026,70,92,79,66,69,70,78,2.3,4
WR,Dominic Harper,30,2021,86,73,63,78,94,92,92,5.7,4
WR,Tristan Wyatt,22,2026,73,93,76,58,68,75,72,2.9,1
WR,Noah Ellis,28,2026,70,81,66,77,77,70,63,2.3,2
WR,Carter Walker,26,2023,81,87,90,71,79,90,81,4.5,2
WR,Tanner Rhodes,28,2023,61,72,74,57,60,61,61,1.0,4
WR,Riley Parker,29,2025,68,72,64,62,69,74,59,2.0,2
END_PLAYERS
Denver Broncos, DEN
CB,Darius West,31,2015,86,73,63,59,82,82,82,4.3,3
CB,Jalen Coleman,25,2024,81,74,84,63,80,76,79,3.4,3
CB,Brady Webb,21,2026,82,87,82,45,78,79,82,3.6,4
CB,Dominic Warren,28,2020,62,78,68,69,70,69,69,0.9,1
CB,Tanner Young,32,2025,77,62,77,77,82,84,69,2.8,4
CB,Keaton Kincaid,22,2026,87,96,78,48,95,84,87,4.5,4
S,Ethan Garrett,33,2014,64,69,62,63,63,59,63,1.1,1
S,Shane Webb,33,2019,79,67,59,65,76,88,80,3.1,1
S,Xavier Young,27,2020,65,84,82,58,66,66,65,1.2,1
S,Devin Webb,24,2022,92,92,90,52,96,99,91,5.4,4
S,Darius Conley,27,2024,58,83,88,59,64,53,63,0.6,4
S,Devin Lawson,24,2026,54,85,85,57,58,54,53,0.5,2
DL,Trevor Jackson,24,2024,65,80,90,71,69,65,65,1.2,4
DL,Trevor Walker,21,2026,70,86,92,51,73,78,76,1.8,4
DL,Damian Walker,30,2019,76,69,74,71,75,69,79,2.7,4
DL,Micah Reed,25,2023,88,81,87,68,87,81,83,4.7,3
DL,Brady Wright,21,2026,68,92,87,47,69,73,61,1.6,1
DL,Jace Griffin,30,2023,77,78,70,80,85,76,78,2.8,2
DL,Roman Parker,25,2021,56,89,83,51,64,56,56,0.5,2
DL,Aiden Brooks,27,2026,80,78,76,75,85,73,87,3.3,4
DL,Nate Tate,27,2019,73,76,89,74,77,78,78,2.2,3
DL,Eli Rhodes,30,2017,88,67,80,67,95,86,89,4.7,4
DL,Tanner Mills,35,2013,59,61,58,87,58,64,59,0.7,3
LB,Keaton Spencer,24,2026,72,83,88,66,76,69,81,2.1,4
LB,Riley Mills,26,2021,78,82,87,64,86,77,86,3.0,2
LB,Cameron Montgomery,22,2026,54,93,81,67,51,61,59,0.5,1
LB,Jace Collins,27,2020,59,78,80,63,52,64,55,0.7,1
LB,Rowan Hunter,25,2026,81,74,85,67,89,82,76,3.4,4
LB,Tanner Watson,28,2021,84,81,69,64,84,87,85,4.0,4
LB,Jaxon Wells,35,2018,59,70,57,76,55,64,62,0.7,4
OL,Isaiah Fisher,32,2017,65,65,64,71,64,71,67,1.2,4
OL,Grant Jackson,35,2011,49,63,66,85,47,52,51,0.5,2
OL,Jalen Caldwell,30,2023,71,67,70,75,67,68,74,2.0,3
OL,Isaiah Thompson,25,2025,70,82,87,64,66,78,73,1.8,3
OL,Quentin Shepherd,27,2024,50,82,90,57,52,57,54,0.5,1
OL,Carter Kendrick,22,2026,59,81,71,51,65,55,62,0.7,1
OL,Jaxon Parker,25,2021,69,79,76,69,70,64,71,1.7,1
OL,Marcus Kincaid,30,2024,66,78,72,72,68,60,59,1.3,3
OL,Devin Turner,27,2024,86,83,84,73,81,81,80,4.3,2
OL,Ethan Young,29,2024,93,73,81,64,92,92,95,5.6,3
OL,Roman Wells,31,2022,89,69,76,66,85,82,87,4.8,2
OL,Kai Bennett,28,2022,84,77,86,67,79,92,86,4.0,4
K,Josiah Williams,27,2024,69,71,85,72,64,71,51,1.3,4
QB,Dominic Lawson,23,2023,71,88,88,56,68,73,66,4.3,3
QB,Bryce Webb,24,2022,69,89,76,70,71,71,61,3.7,3
QB,Jaxon Bennett,32,2019,64,68,79,69,68,59,62,2.2,2
RB,Dominic Turner,30,2024,80,72,71,72,81,75,89,4.3,3
RB,Bryce Wyatt,22,2026,78,88,75,47,83,86,80,3.9,1
RB,Gavin Jackson,28,2024,78,68,84,63,82,80,75,3.9,3
RB,Brady Gibson,34,2026,68,56,59,63,62,75,59,2.0,1
RB,Cole Wilson,35,2015,73,65,68,87,75,74,68,2.9,1
WR,Isaiah Marshall,30,2022,64,77,69,74,59,70,65,1.4,4
WR,Jared Cooper,24,2022,49,89,89,49,55,48,49,0.5,3
WR,Jace Wyatt,29,2018,59,67,76,74,59,62,66,0.8,1
WR,Gavin Rhodes,34,2013,69,56,66,77,76,68,61,2.1,1
WR,Mason Nash,33,2017,76,66,59,72,82,81,80,3.4,3
WR,Keaton Wright,34,2018,86,61,70,66,89,95,80,5.7,3
WR,Jalen Sawyer,28,2020,75,75,85,56,70,73,78,3.2,2
WR,Tristan Carter,27,2022,73,76,70,75,74,72,71,2.9,2
WR,Kai Spencer,24,2022,73,77,82,70,78,82,69,2.9,4
END_PLAYERS
Los Angeles Chargers, LAC
CB,Keaton Hunter,32,2018,73,64,72,79,72,73,68,2.2,2
CB,Keaton Marshall,26,2023,81,76,89,64,89,78,87,3.4,2
CB,Kendall Parker,34,2026,67,70,73,67,66,71,62,1.5,3
CB,Trevor Holland,22,2026,63,84,80,57,58,69,68,1.0,4
CB,Zachary Marshall,35,2022,74,58,52,70,67,76,73,2.4,3
CB,Kai Hayes,29,2018,74,66,69,61,69,82,81,2.4,3
CB,Eli Fisher,26,2020,86,78,70,53,79,91,82,4.3,3
S,Noah Morrison,24,2022,69,88,71,68,77,68,67,1.7,3
S,Devin Williams,33,2018,60,61,61,79,68,65,67,0.8,3
S,Gavin Wyatt,29,2017,68,78,85,72,67,73,71,1.6,3
S,Andre Coleman,26,2023,71,77,83,54,65,76,65,2.0,2
S,Jace Patterson,29,2024,87,80,82,75,88,96,80,4.5,3
S,Trevor Wells,35,2011,61,70,52,77,55,64,69,0.9,2
DL,Landon Shepherd,22,2026,53,93,81,47,52,57,54,0.5,4
DL,Brady Chambers,22,2026,81,95,89,58,77,85,84,3.4,3
DL,Shane West,29,2018,71,77,68,65,70,77,74,2.0,2
DL,Rowan James,22,2026,83,94,88,59,86,78,88,3.8,3
DL,Xavier Dawson,34,2021,65,56,72,74,71,63,62,1.2,1
DL,Damian Griffin,35,2011,73,57,67,85,76,69,80,2.2,2
DL,Darius Warren,29,2025,58,67,64,57,58,59,66,0.6,4
DL,Keaton Monroe,29,2017,76,69,73,72,75,70,84,2.7,1
DL,Sam Tate,21,2026,53,81,70,59,60,50,51,0.5,2
DL,Shane Warren,27,2024,69,81,83,70,73,69,68,1.7,3
DL,Roman Patterson,30,2018,75,65,70,78,73,81,75,2.5,2
DL,Brady Keller,28,2024,68,75,70,69,69,69,71,1.6,1
LB,Jaxon Kincaid,31,2019,58,66,75,76,64,52,56,0.6,4
LB,Emmett Lawson,35,2012,52,58,73,66,46,47,54,0.5,2
LB,Jordan Mills,24,2023,60,87,88,65,59,67,64,0.8,3
LB,Parker Stanton,31,2016,91,73,63,64,91,84,86,5.2,2
LB,Landon Jackson,23,2026,71,87,85,59,70,69,80,2.0,3
LB,Cameron Collins,32,2024,57,64,61,64,57,58,66,0.6,4
OL,Tyler Watson,23,2024,73,78,83,55,80,74,73,2.2,1
OL,Landon Marshall,26,2024,56,76,77,66,56,49,62,0.5,3
OL,Cole Shepherd,23,2024,74,91,81,51,79,70,82,2.4,3
OL,Owen Marshall,33,2025,64,69,65,65,60,71,65,1.1,4
OL,Devin Nash,27,2024,64,83,75,74,65,62,64,1.1,1
OL,Trevor Sloan,22,2026,80,88,71,58,86,80,79,3.3,4
OL,Sawyer Williams,28,2026,79,84,80,64,85,75,80,3.1,2
OL,Owen Fisher,30,2019,79,69,65,68,81,77,75,3.1,1
OL,Jalen Hale,29,2019,70,74,68,71,76,78,78,1.8,1
OL,Zachary Jackson,22,2026,75,95,81,50,71,68,80,2.5,4
OL,Jalen Wallace,32,2014,92,76,60,67,94,97,86,5.4,3
OL,Roman Hale,35,2025,83,64,56,71,80,80,80,3.8,2
K,Carter Dalton,27,2022,77,84,80,60,77,81,48,2.0,4
QB,Cole Nolan,29,2023,72,68,72,61,71,77,80,4.7,3
QB,Sam Hayes,27,2021,75,78,80,61,83,78,65,5.8,2
RB,Jordan Hayes,33,2017,76,63,71,62,73,80,71,3.4,1
RB,Carter Nash,27,2025,81,85,74,65,84,76,88,4.5,3
RB,Carter Wells,33,2018,81,59,59,75,88,76,86,4.5,4
RB,Dylan James,26,2025,73,74,77,67,68,77,70,2.9,4
RB,Jared Hendrix,26,2025,61,75,72,60,66,63,66,1.0,3
WR,Micah Walker,27,2026,63,82,85,65,62,66,68,1.2,4
WR,Jaxon Wyatt,32,2017,68,71,64,66,74,70,74,2.0,2
WR,Kendall Caldwell,30,2016,67,72,69,65,66,74,64,1.8,2
WR,Dominic Young,21,2026,58,94,86,53,64,67,58,0.7,2
WR,Landon Warren,22,2026,79,81,77,68,80,87,76,4.1,2
WR,Keaton Cooper,35,2021,70,69,63,80,75,68,60,2.3,4
WR,Tyler Whitaker,22,2026,78,90,81,49,86,78,82,3.9,2
WR,Cole Turner,24,2026,82,76,87,57,82,78,73,4.7,2
WR,Nate Wyatt,29,2026,63,71,85,67,71,67,61,1.2,3
END_PLAYERS
Las Vegas Raiders, LV
CB,Sam Sawyer,34,2022,68,63,68,78,75,69,60,1.6,2
CB,Roman Taylor,28,2022,71,79,67,60,63,72,66,2.0,3
CB,Jalen Parker,23,2025,48,92,72,56,53,48,41,0.5,1
CB,Cole Keller,26,2020,82,82,89,66,85,87,82,3.6,3
CB,Grant Young,33,2019,77,58,67,77,80,74,71,2.8,2
CB,Zachary Gibson,33,2018,79,66,59,69,81,76,84,3.1,2
CB,Zachary Wilson,26,2021,74,88,85,53,66,79,81,2.4,3
S,Gavin Holland,22,2026,71,92,71,57,77,66,78,2.0,1
S,Owen Nash,23,2024,72,85,78,50,77,79,69,2.1,4
S,Josiah Wallace,29,2022,77,71,65,69,76,74,85,2.8,1
S,Trevor Mills,31,2024,59,70,68,81,62,68,55,0.7,2
S,Zachary Monroe,31,2016,72,76,61,75,68,77,66,2.1,4
S,Jalen Webb,22,2026,83,80,91,63,78,88,80,3.8,3
DL,Dominic James,24,2025,78,78,86,58,80,83,76,3.0,1
DL,Cameron Griffin,32,2025,51,73,80,64,48,47,47,0.5,2
DL,Andre Reeves,28,2026,74,75,83,74,81,67,75,2.4,3
DL,Landon Sawyer,24,2026,75,80,71,55,84,82,68,2.5,2
DL,Sam West,35,2024,61,68,59,73,64,68,61,0.9,2
DL,Rowan Harper,34,2018,62,65,56,75,62,67,67,0.9,1
DL,Zachary Whitaker,31,2023,72,68,63,72,77,72,76,2.1,2
DL,Dylan Keller,35,2016,59,67,66,70,60,55,66,0.7,3
DL,Cole Young,25,2024,76,74,72,64,82,84,73,2.7,1
DL,Riley Nolan,21,2026,62,89,89,49,58,68,71,0.9,1
LB,Andre Jackson,26,2021,78,87,88,59,78,73,72,3.0,1
LB,Noah Nash,22,2026,69,94,83,54,69,69,63,1.7,1
LB,Sam Wilson,23,2026,74,88,85,60,77,79,83,2.4,1
LB,Kendall Marshall,34,2016,84,62,61,66,79,87,83,4.0,4
LB,Keaton Chambers,24,2025,70,80,82,67,64,71,66,1.8,3
LB,Roman Wright,22,2026,76,86,70,50,72,76,80,2.7,1
OL,Sam Young,24,2024,75,79,80,68,73,74,80,2.5,2
OL,Trevor Garrett,21,2026,75,82,87,46,77,78,76,2.5,4
OL,Landon Webb,31,2023,62,62,76,67,65,63,55,0.9,1
OL,Riley Carter,25,2025,49,89,88,54,49,56,49,0.5,4
OL,Caleb Gibson,25,2024,79,86,81,70,82,77,75,3.1,4
OL,Jared Nash,28,2018,75,71,83,69,83,79,70,2.5,2
OL,Owen Collins,27,2025,53,82,72,57,59,59,56,0.5,3
OL,Carter Sawyer,35,2025,83,65,64,77,82,87,80,3.8,2
OL,Brady Dawson,32,2017,85,61,66,80,89,90,87,4.1,4
OL,Andre Rhodes,28,2019,60,68,75,73,64,54,67,0.8,1
OL,Rowan Sawyer,35,2019,92,70,53,77,96,99,92,5.4,4
OL,Bryce Morrison,26,2024,85,73,79,53,90,85,81,4.1,2
K,Emmett Whitaker,27,2025,74,70,89,66,71,68,56,1.7,1
QB,Emmett Collins,28,2022,71,71,81,66,66,75,68,4.3,4
QB,Jalen Harper,32,2025,87,71,77,70,85,93,95,11.0,4
QB,Carter Garrett,29,2021,62,75,74,65,70,68,58,1.7,1
RB,Cole Rivers,31,2021,81,72,63,75,87,86,86,4.5,3
RB,Grant Coleman,25,2023,83,82,87,61,83,78,80,5.0,4
RB,Isaiah Hamilton,22,2026,68,90,74,47,63,63,72,2.0,1
RB,Keaton Mercer,33,2019,78,63,77,66,77,78,83,3.9,2
WR,Gavin Monroe,34,2012,85,71,76,73,84,92,93,5.4,2
WR,Parker Jennings,33,2018,49,68,59,62,57,46,55,0.5,3
WR,Nate Keller,26,2022,76,73,80,59,72,78,73,3.4,2
WR,Darius Monroe,33,2026,75,63,73,75,71,78,71,3.2,4
WR,Jayden Patterson,33,2015,80,67,57,67,78,82,71,4.3,3
WR,Jace Walker,33,2024,82,58,78,79,76,86,81,4.7,3
WR,Dylan Turner,22,2026,68,80,90,68,62,66,63,2.0,3
WR,Xavier Wilcox,22,2026,75,89,84,62,80,72,67,3.2,3
WR,Jaxon Taylor,34,2026,68,70,56,74,68,67,58,2.0,4
WR,Andre Young,25,2025,55,82,76,72,52,53,55,0.5,3
WR,Jaxon Reeves,27,2023,66,77,82,53,62,65,56,1.7,2
END_PLAYERS
Chicago Bears, CHI
CB,Kendall Tate,21,2026,60,92,85,47,57,63,58,0.8,4
CB,Nate Wallace,30,2022,85,72,77,68,86,84,89,4.1,2
CB,Rowan Wells,27,2022,62,71,70,55,54,57,60,0.9,4
CB,Cameron Jackson,24,2022,72,85,76,64,77,74,64,2.1,1
CB,Jordan Whitaker,22,2026,71,85,83,58,72,76,66,2.0,1
CB,Kieran Wright,23,2023,86,87,76,57,94,81,93,4.3,3
CB,Marcus James,25,2026,81,89,79,62,73,89,87,3.4,2
S,Jaxon Garrett,33,2018,70,74,73,83,67,79,74,1.8,4
S,Dominic Collins,33,2020,70,74,58,84,68,75,69,1.8,2
S,Andre Foster,22,2026,68,93,79,56,64,65,67,1.6,4
S,Owen Wilson,28,2026,84,77,79,66,80,93,90,4.0,3
S,Keaton Lawson,23,2026,60,88,84,68,61,69,55,0.8,3
S,Trevor Turner,26,2020,78,85,82,67,78,84,81,3.0,4
DL,Aiden Holland,24,2023,73,80,89,67,77,78,66,2.2,4
DL,Sawyer Jennings,32,2026,66,66,75,82,61,62,65,1.3,3
DL,Kendall Dalton,21,2026,79,90,83,61,85,81,80,3.1,4
DL,Kieran Coleman,30,2017,68,73,82,78,76,69,61,1.6,3
DL,Emmett Hayes,24,2025,79,86,80,70,74,78,82,3.1,3
DL,Rowan Collins,23,2026,71,94,82,54,75,73,79,2.0,4
DL,Bryce Hendrix,31,2015,71,73,80,66,71,69,71,2.0,4
DL,Micah Harper,32,2020,76,63,74,79,77,73,73,2.7,1
DL,Caleb Garrett,22,2026,81,93,88,57,76,86,85,3.4,4
DL,Isaiah Wilson,27,2026,69,86,85,74,77,64,64,1.7,1
LB,Rowan Wright,22,2026,68,85,88,55,74,66,69,1.6,4
LB,Micah Hamilton,28,2021,77,84,75,74,82,81,86,2.8,1
LB,Aiden Patterson,22,2026,70,93,81,60,69,71,72,1.8,4
LB,Owen Taylor,32,2016,79,69,69,78,72,78,82,3.1,4
LB,Trevor Dalton,35,2017,78,66,73,75,78,80,75,3.0,1
LB,Dylan Young,32,2026,72,67,63,80,67,72,79,2.1,3
LB,Dominic Patterson,22,2026,72,92,90,46,69,67,78,2.1,2
OL,Josiah Warren,21,2026,72,96,70,65,76,68,70,2.1,4
OL,Marcus Montgomery,28,2025,71,79,84,64,70,71,69,2.0,3
OL,Cole Hamilton,34,2024,72,66,57,75,70,65,72,2.1,2
OL,Kai Whitaker,23,2025,72,89,73,59,73,77,76,2.1,2
OL,Grant Hendrix,31,2015,70,70,62,77,76,72,63,1.8,1
OL,Isaiah Chambers,24,2022,82,80,79,57,77,90,84,3.6,2
OL,Jace Montgomery,33,2021,62,73,76,62,62,63,64,0.9,3
OL,Kai Hendrix,28,2023,75,72,84,74,82,76,80,2.5,1
OL,Bryce Vaughn,24,2024,83,83,89,65,79,90,79,3.8,2
OL,Josiah Harper,26,2023,52,72,71,64,51,50,57,0.5,1
OL,Jared Coleman,23,2024,77,80,90,69,74,78,80,2.8,3
OL,Kendall Monroe,31,2021,76,76,79,70,80,70,75,2.7,1
K,Sam Bennett,33,2016,72,66,74,81,76,76,60,1.5,1
QB,Devin Wilson,22,2026,68,93,83,50,73,70,61,3.3,2
QB,Riley Watson,24,2023,72,90,79,61,75,67,73,4.7,1
QB,Sawyer Vaughn,31,2019,60,72,75,80,62,63,57,1.2,2
RB,Riley Webb,29,2020,76,69,77,71,76,72,81,3.4,2
RB,Kieran Kincaid,27,2026,83,80,71,70,89,91,82,5.0,3
RB,Andre Wilson,26,2024,57,80,74,54,62,62,51,0.6,3
RB,Sawyer Warren,25,2025,50,85,90,61,57,55,58,0.5,4
RB,Nate Foster,22,2026,69,88,87,55,73,71,71,2.1,3
WR,Eli Griffin,32,2014,78,60,66,62,86,74,86,3.9,1
WR,Zachary Taylor,35,2015,79,70,52,82,73,83,77,4.1,3
WR,Keaton Sullivan,25,2021,92,85,85,58,97,95,86,7.2,2
WR,Roman Griffin,25,2023,65,82,88,62,70,61,67,1.5,4
WR,Trevor Reeves,34,2023,92,56,68,72,98,99,85,7.2,4
WR,Owen Spencer,22,2026,92,84,73,54,96,93,87,7.2,3
WR,Jayden Sullivan,35,2015,86,56,71,81,86,89,80,5.7,2
WR,Ethan Tate,28,2019,83,82,88,76,79,84,91,5.0,4
WR,Marcus Watson,30,2017,67,69,67,74,71,73,59,1.8,3
END_PLAYERS
Green Bay Packers, GB
CB,Jayden Nash,21,2026,79,92,81,55,83,76,71,3.1,4
CB,Landon Morrison,24,2025,77,84,76,52,79,85,74,2.8,3
CB,Noah Holland,24,2025,58,84,86,60,66,55,57,0.6,2
CB,Grant Rivers,31,2025,94,62,60,78,95,94,98,5.8,2
CB,Aiden Warren,29,2019,60,81,76,71,64,66,63,0.8,3
CB,Jaxon Holland,23,2023,65,85,74,61,60,65,60,1.2,1
CB,Rowan Stanton,30,2024,78,73,82,72,77,87,82,3.0,2
S,Emmett Kincaid,22,2026,73,88,88,57,65,71,68,2.2,1
S,Damian Ellis,25,2026,65,88,75,63,72,70,64,1.2,4
S,Mason Cooper,30,2018,85,64,64,69,93,94,87,4.1,2
S,Ethan Sloan,35,2023,51,61,55,81,43,55,45,0.5,4
S,Andre West,22,2026,77,86,78,63,72,79,77,2.8,4
S,Jayden Kendrick,28,2019,62,75,88,58,70,69,57,0.9,2
DL,Quentin Nash,30,2021,56,78,74,65,64,62,51,0.5,3
DL,Aiden Wyatt,21,2026,52,84,77,59,60,58,48,0.5,1
DL,Tristan Holland,26,2020,85,73,91,64,82,79,82,4.1,3
DL,Tanner Collins,32,2016,71,64,73,68,72,65,70,2.0,2
DL,Parker Collins,21,2026,83,84,80,48,81,84,78,3.8,2
DL,Jaxon Hayes,23,2026,61,92,78,64,62,58,58,0.9,2
DL,Kai Webb,21,2026,71,93,87,47,68,79,68,2.0,1
DL,Damian Taylor,30,2024,54,65,83,71,58,61,49,0.5,4
DL,Cameron Gibson,28,2018,80,76,83,57,89,81,81,3.3,3
DL,Micah Webb,24,2022,67,84,71,57,64,68,62,1.5,2
LB,Caleb Kendrick,30,2020,69,72,70,73,66,77,76,1.7,4
LB,Marcus Tate,21,2026,77,82,71,47,80,79,81,2.8,4
LB,Trevor Cooper,30,2022,83,70,80,79,90,82,88,3.8,2
LB,Andre Wallace,33,2016,52,63,77,81,51,59,48,0.5,3
LB,Bryce Turner,26,2020,69,72,75,62,62,73,78,1.7,3
LB,Darius Whitaker,24,2022,68,77,78,64,62,62,71,1.6,3
OL,Shane Conley,27,2025,58,81,68,63,54,54,66,0.6,2
OL,Jalen Hayes,34,2018,76,59,66,81,80,71,80,2.7,4
OL,Jaxon Kendrick,26,2020,89,79,70,54,87,95,95,4.8,2
OL,Sam Monroe,22,2026,68,80,86,54,64,72,75,1.6,3
OL,Ethan Wyatt,24,2026,81,87,85,67,87,88,85,3.4,2
OL,Jared Hunter,27,2022,55,71,69,67,53,59,56,0.5,2
OL,Marcus Gibson,24,2025,79,87,83,62,76,81,85,3.1,1
OL,Aiden Griffin,26,2026,76,82,81,71,74,81,75,2.7,4
OL,Sam Foster,26,2025,54,80,86,64,60,51,61,0.5,4
OL,Quentin Spencer,27,2019,86,80,74,53,82,90,83,4.3,4
OL,Sawyer Stanton,25,2024,72,74,77,55,77,76,78,2.1,4
OL,Noah West,24,2024,58,79,91,69,55,52,65,0.6,2
K,Tyler Maddox,35,2024,78,63,70,71,84,72,50,2.1,1
K,Micah Dawson,31,2024,78,77,78,60,81,78,48,2.1,4
QB,Cole Hendrix,30,2017,65,70,77,74,65,64,59,2.4,1
QB,Grant Taylor,23,2026,75,87,92,70,81,72,71,5.8,2
QB,Ethan Reed,28,2020,82,77,73,64,80,87,79,8.7,2
RB,Kai Rivers,30,2024,72,64,65,80,67,75,68,2.7,1
RB,Jordan Wilcox,26,2022,65,83,88,65,64,62,65,1.5,2
RB,Carter Hayes,25,2023,76,75,81,66,81,76,69,3.4,3
RB,Parker Harper,28,2022,84,79,75,75,84,92,88,5.2,2
RB,Riley Rhodes,28,2024,68,78,87,73,65,69,63,2.0,2
WR,Damian Wilson,33,2026,87,67,64,78,84,85,89,5.9,2
WR,Marcus Vaughn,29,2017,61,75,75,64,67,57,65,1.0,2
WR,Josiah Wilcox,32,2023,72,66,67,80,73,75,72,2.7,1
WR,Isaiah Cooper,23,2024,77,91,89,68,72,80,70,3.7,2
WR,Darius Parker,22,2026,75,85,85,57,70,72,81,3.2,1
WR,Parker Nash,29,2023,79,71,66,64,81,82,72,4.1,4
WR,Noah Dalton,26,2022,68,77,92,63,70,72,63,2.0,4
WR,Marcus Sloan,29,2024,62,78,74,56,60,58,70,1.1,2
WR,Caleb Cooper,31,2018,79,70,69,80,75,86,73,4.1,3
END_PLAYERS
Minnesota Vikings, MIN
CB,Tristan Patterson,30,2025,72,70,75,59,70,76,67,2.1,3
CB,Kendall Wilson,22,2026,58,81,81,53,56,58,52,0.6,4
CB,Isaiah Jackson,29,2019,79,80,76,68,85,79,82,3.1,4
CB,Dominic Morrison,26,2020,74,85,80,58,78,79,78,2.4,1
CB,Tristan Walker,28,2019,48,83,79,73,48,56,53,0.5,2
CB,Aiden Hale,28,2024,69,82,75,61,65,78,64,1.7,1
CB,Brady Ellis,26,2021,69,77,76,53,61,69,73,1.7,4
S,Devin Taylor,32,2025,49,73,68,72,51,58,55,0.5,3
S,Rowan Vaughn,33,2016,71,59,59,65,66,69,63,2.0,2
S,Mason Mercer,30,2022,73,71,73,80,69,81,74,2.2,3
S,Xavier Carter,31,2021,66,77,71,76,58,67,60,1.3,2
S,Dominic Williams,25,2024,85,86,78,58,87,92,87,4.1,2
S,Bryce James,34,2020,60,63,55,80,53,63,67,0.8,4
DL,Mason Young,22,2026,59,89,79,63,61,66,68,0.7,3
DL,Nate Hale,33,2018,76,62,69,67,82,70,83,2.7,1
DL,Cameron Marshall,27,2025,76,71,86,73,81,79,79,2.7,3
DL,Brady Reed,23,2025,70,79,72,53,74,75,78,1.8,1
DL,Noah Turner,21,2026,90,91,78,55,87,86,88,5.0,2
DL,Dylan Hale,34,2017,75,57,66,70,82,72,69,2.5,4
DL,Dylan Foster,21,2026,69,96,75,53,71,63,71,1.7,2
DL,Darius Foster,21,2026,62,83,80,49,64,64,63,0.9,3
DL,Owen Hamilton,32,2024,65,75,72,72,60,62,73,1.2,1
DL,Aiden Sullivan,25,2026,78,80,83,56,75,71,79,3.0,1
DL,Grant Jennings,32,2023,79,69,75,63,83,74,73,3.1,1
LB,Tanner Turner,30,2017,71,72,78,75,69,69,74,2.0,3
LB,Jared Kendrick,35,2019,78,66,65,78,78,82,72,3.0,3
LB,Emmett Brooks,27,2020,80,74,69,53,82,81,84,3.3,3
LB,Grant Warren,28,2019,93,71,81,73,99,98,93,5.6,4
LB,Kai Thompson,22,2026,66,86,86,54,66,62,67,1.3,4
LB,Grant Hunter,22,2026,86,85,82,62,89,82,82,4.3,2
OL,Landon Mills,29,2023,72,80,86,63,79,78,79,2.1,4
OL,Kieran Maddox,35,2018,82,58,57,85,89,78,76,3.6,2
OL,Brady Nash,33,2016,74,71,70,75,79,78,74,2.4,1
OL,Damian Wilcox,32,2022,66,62,80,72,73,70,74,1.3,2
OL,Tristan Hayes,28,2023,74,81,73,65,74,69,75,2.4,2
OL,Jaxon Williams,22,2026,85,92,92,53,87,79,82,4.1,3
OL,Tanner Sloan,28,2023,76,73,70,69,73,76,75,2.7,3
OL,Marcus Hendrix,21,2026,69,86,91,59,72,74,77,1.7,4
OL,Jordan Morrison,26,2021,79,81,86,52,84,82,74,3.1,1
OL,Kieran Hunter,21,2026,76,95,77,55,78,74,72,2.7,4
OL,Grant Griffin,32,2020,79,74,70,69,79,79,81,3.1,1
OL,Trevor Wallace,33,2017,79,70,70,70,76,74,73,3.1,2
K,Darius Hunter,28,2026,62,79,81,69,63,60,65,0.8,1
QB,Devin Sloan,23,2024,75,81,74,50,76,75,75,5.8,4
QB,Devin Parker,24,2024,62,76,74,53,59,65,62,1.7,1
QB,Zachary Dawson,21,2026,74,85,70,56,73,75,73,5.4,4
RB,Tristan Bennett,22,2026,82,80,75,50,75,79,88,4.7,3
RB,Grant Bennett,32,2016,80,64,69,64,76,81,79,4.3,4
RB,Xavier Fisher,31,2021,76,74,71,76,79,76,67,3.4,2
RB,Owen Keller,30,2022,60,64,82,79,63,64,55,0.9,4
RB,Marcus Collins,21,2026,83,81,92,48,80,85,81,5.0,3
WR,Ethan Parker,35,2016,93,62,72,67,87,95,83,7.5,4
WR,Dylan Watson,26,2021,60,85,87,72,56,65,57,0.9,2
WR,Gavin Mills,35,2022,78,56,53,87,73,76,76,3.9,2
WR,Marcus Harper,30,2026,91,80,70,63,93,88,93,6.9,3
WR,Mason Patterson,22,2026,60,93,73,56,56,61,60,0.9,3
WR,Isaiah Bennett,35,2023,59,57,53,74,61,62,59,0.8,2
WR,Tristan Mills,31,2022,76,75,77,63,73,78,84,3.4,3
WR,Caleb Rhodes,24,2022,71,87,76,71,77,78,75,2.5,3
WR,Gavin Keller,33,2016,73,60,77,75,80,73,72,2.9,3
END_PLAYERS
Detroit Lions, DET
CB,Kai Caldwell,22,2026,73,96,72,59,65,79,79,2.2,4
CB,Kendall Turner,27,2023,72,76,83,74,80,77,71,2.1,4
CB,Nate Thompson,35,2019,54,54,69,70,56,54,49,0.5,2
CB,Tyler Holland,34,2016,80,59,75,82,76,75,85,3.3,3
CB,Nate Mills,24,2022,83,78,70,63,88,83,76,3.8,4
CB,Caleb Mills,24,2023,81,85,85,63,76,90,83,3.4,2
CB,Jace Jennings,22,2026,55,87,81,67,63,62,58,0.5,2
S,Keaton Hendrix,33,2016,86,65,73,83,93,82,90,4.3,4
S,Bryce Hamilton,22,2026,78,93,84,52,84,79,75,3.0,2
S,Isaiah Harper,30,2019,81,68,83,58,85,82,83,3.4,4
S,Gavin Sullivan,26,2025,69,77,92,66,64,78,64,1.7,3
S,Dylan Griffin,24,2022,67,76,74,65,71,67,72,1.5,1
S,Zachary Harper,30,2023,61,67,75,67,61,57,59,0.9,1
DL,Brady Young,26,2022,81,83,88,56,78,88,78,3.4,2
DL,Cole Patterson,32,2017,71,69,73,62,78,72,67,2.0,3
DL,Mason Morrison,21,2026,73,88,84,57,75,72,75,2.2,1
DL,Trevor Hendrix,33,2020,60,69,70,68,61,58,66,0.8,1
DL,Ethan Hunter,32,2014,73,64,75,76,72,67,69,2.2,1
DL,Grant Hale,22,2026,65,94,87,63,72,62,70,1.2,3
DL,Trevor Thompson,21,2026,82,83,85,59,82,78,88,3.6,3
DL,Carter Rhodes,33,2024,72,67,75,62,67,75,77,2.1,1
DL,Noah Foster,22,2026,73,90,76,57,75,72,66,2.2,4
DL,Jace Wright,22,2026,69,86,91,64,77,65,70,1.7,3
DL,Jordan Shepherd,23,2024,81,78,75,68,88,80,76,3.4,4
LB,Brady Hunter,28,2025,71,71,84,64,69,70,74,2.0,1
LB,Quentin Jennings,30,2023,67,67,65,73,61,71,63,1.5,2
LB,Sawyer Nash,34,2015,76,60,68,78,75,72,80,2.7,3
LB,Bryce Foster,30,2018,77,78,67,60,85,71,70,2.8,3
LB,Brady Monroe,23,2025,77,89,86,49,79,81,79,2.8,3
LB,Shane Vaughn,25,2023,76,81,90,69,84,73,74,2.7,1
LB,Parker Wright,28,2020,70,72,74,68,64,69,67,1.8,2
OL,Quentin Kincaid,28,2020,76,84,82,71,73,78,76,2.7,1
OL,Kieran Rivers,28,2019,69,80,71,69,72,70,71,1.7,4
OL,Ethan Wallace,28,2026,70,74,87,70,67,75,65,1.8,2
OL,Marcus Garrett,28,2026,64,75,82,61,72,67,67,1.1,1
OL,Sawyer Sloan,30,2016,68,71,78,69,71,68,71,1.6,4
OL,Jace Webb,34,2026,71,58,74,81,75,79,67,2.0,3
OL,Zachary Dalton,28,2018,78,79,74,62,79,73,85,3.0,2
OL,Damian Nash,23,2025,82,80,92,57,79,83,84,3.6,2
OL,Jared West,24,2025,49,81,84,52,52,57,55,0.5,2
OL,Riley Young,30,2024,74,71,84,79,80,69,73,2.4,4
OL,Parker Tate,21,2026,91,95,71,46,95,99,89,5.2,3
OL,Dylan Webb,26,2021,84,88,75,72,81,82,83,4.0,4
K,Roman Garrett,26,2023,83,73,81,60,89,88,58,2.6,3
QB,Jaxon Wright,21,2026,77,80,72,62,75,84,67,6.6,3
QB,Andre Kendrick,33,2021,93,70,58,67,90,95,99,14.0,4
QB,Jace Mercer,33,2015,75,67,63,70,82,73,68,5.8,1
RB,Dominic Carter,31,2020,86,64,67,76,81,92,89,5.7,4
RB,Jordan Hamilton,30,2021,59,64,73,76,53,62,51,0.8,1
RB,Quentin Hamilton,35,2020,76,66,69,74,77,80,84,3.4,2
RB,Nate Dalton,31,2017,65,63,74,59,64,72,59,1.5,4
WR,Sawyer Sawyer,26,2026,71,85,92,54,76,72,70,2.5,3
WR,Kieran Wilcox,24,2025,62,78,92,61,63,69,69,1.1,2
WR,Tanner Brooks,30,2026,86,68,75,64,88,91,88,5.7,2
WR,Xavier Taylor,30,2025,73,69,62,63,74,72,68,2.9,4
WR,Cameron Garrett,30,2018,55,72,71,77,55,61,49,0.5,3
WR,Jayden Vaughn,21,2026,78,96,85,56,86,86,71,3.9,1
WR,Parker Caldwell,32,2017,60,71,67,74,67,61,61,0.9,2
WR,Jalen Carter,28,2020,80,78,82,69,76,84,77,4.3,4
WR,Darius Vaughn,35,2020,59,69,59,69,59,62,66,0.8,1
END_PLAYERS
Washington Commanders, WAS
CB,Mason Nolan,31,2024,73,74,64,72,68,73,74,2.2,1
CB,Isaiah Mercer,27,2024,92,83,70,75,89,94,90,5.4,2
CB,Landon Monroe,25,2025,67,89,88,59,61,64,63,1.5,1
CB,Tanner Jennings,34,2019,72,58,56,78,66,74,70,2.1,1
CB,Jordan Kincaid,35,2024,59,55,67,74,66,65,58,0.7,1
CB,Riley Shepherd,27,2026,77,86,78,58,82,79,75,2.8,4
CB,Nate Dawson,27,2021,70,77,83,72,77,75,66,1.8,3
S,Carter Nolan,25,2024,86,87,73,64,90,90,80,4.3,4
S,Tristan Maddox,30,2026,54,73,65,63,61,52,50,0.5,1
S,Eli Warren,35,2012,80,65,52,87,73,78,76,3.3,4
S,Bryce Maddox,28,2018,54,82,76,71,49,50,52,0.5,1
S,Jalen Warren,24,2026,79,86,74,60,85,78,71,3.1,4
S,Eli Conley,29,2025,65,67,80,58,70,67,60,1.2,3
DL,Grant James,22,2026,75,84,86,67,72,74,78,2.5,1
DL,Cole Bennett,28,2018,83,84,73,64,80,91,87,3.8,3
DL,Tanner Rivers,31,2018,68,64,80,71,75,72,63,1.6,1
DL,Mason Taylor,21,2026,84,83,84,49,79,77,82,4.0,2
DL,Carter Jackson,24,2023,86,87,78,67,88,86,80,4.3,2
DL,Andre Sullivan,34,2012,76,65,72,73,72,79,84,2.7,3
DL,Emmett Wells,34,2017,60,68,68,82,56,61,64,0.8,1
DL,Andre Harper,32,2016,78,72,60,62,85,71,80,3.0,2
DL,Gavin Jennings,30,2019,56,79,67,74,60,63,58,0.5,4
DL,Zachary Nash,31,2022,76,63,77,74,84,83,73,2.7,4
LB,Kendall Wells,21,2026,53,95,78,60,60,55,56,0.5,4
LB,Josiah Thompson,33,2014,80,71,61,77,83,86,75,3.3,3
LB,Josiah Hale,24,2026,72,79,73,63,79,68,70,2.1,3
LB,Kendall Conley,27,2020,75,83,80,56,83,81,72,2.5,3
LB,Jace Marshall,33,2014,74,74,66,63,80,74,71,2.4,2
LB,Kai Carter,26,2023,78,84,72,71,72,79,77,3.0,3
LB,Ethan Spencer,34,2026,78,61,59,74,85,77,80,3.0,1
OL,Ethan Kincaid,21,2026,52,81,91,47,58,52,56,0.5,2
OL,Sam Hamilton,26,2021,75,88,74,64,78,83,70,2.5,4
OL,Jayden Lawson,27,2023,75,86,69,67,79,74,71,2.5,1
OL,Eli Wyatt,29,2023,58,74,78,70,58,55,64,0.6,2
OL,Jace Sawyer,33,2026,68,67,72,63,67,69,66,1.6,4
OL,Emmett West,22,2026,78,92,76,60,73,76,71,3.0,1
OL,Eli Dalton,32,2018,68,74,66,62,72,75,68,1.6,3
OL,Brady Sawyer,34,2016,82,72,55,77,85,90,89,3.6,2
OL,Eli Turner,32,2023,72,71,63,69,68,68,77,2.1,1
OL,Isaiah Maddox,32,2020,83,67,67,79,88,81,91,3.8,4
OL,Tyler Williams,23,2024,78,91,89,58,78,78,86,3.0,2
OL,Dominic Hunter,25,2026,68,89,78,69,74,68,63,1.6,1
K,Cameron Wilcox,35,2015,63,54,56,82,57,71,60,0.8,3
QB,Roman Coleman,35,2025,91,65,72,84,99,95,95,12.9,4
QB,Isaiah Young,29,2026,81,72,74,65,86,74,87,8.3,2
QB,Jalen Jackson,34,2026,72,71,74,69,75,70,79,4.7,1
RB,Jayden Wallace,30,2022,82,70,77,75,76,88,91,4.7,4
RB,Micah West,34,2013,61,68,59,68,66,62,55,1.0,4
RB,Tanner West,24,2024,89,77,71,71,90,91,95,6.4,2
RB,Jared Sullivan,22,2026,67,88,91,54,71,70,71,1.8,2
RB,Quentin Lawson,22,2026,62,86,91,61,60,67,54,1.1,4
WR,Isaiah Brooks,30,2022,63,76,72,77,57,66,62,1.2,4
WR,Cole Thompson,25,2025,81,90,84,68,80,90,82,4.5,4
WR,Jordan Montgomery,35,2013,71,57,66,79,72,75,77,2.5,3
WR,Riley Dalton,21,2026,50,93,76,58,51,50,48,0.5,1
WR,Jordan Jackson,27,2019,79,79,72,53,78,76,72,4.1,4
WR,Trevor Nolan,30,2019,87,76,76,78,89,91,93,5.9,2
WR,Tyler Wyatt,25,2026,73,89,83,59,73,71,78,2.9,1
WR,Carter Hunter,31,2015,59,66,60,63,59,65,61,0.8,1
WR,Carter Chambers,28,2018,76,82,75,74,70,79,69,3.4,2
END_PLAYERS
Dallas Cowboys, DAL
CB,Parker Wilson,26,2022,75,87,74,69,71,70,69,2.5,1
CB,Landon Garrett,32,2017,73,67,72,63,69,74,81,2.2,2
CB,Owen Wright,25,2022,75,85,80,53,82,78,72,2.5,3
CB,Grant Dalton,28,2022,59,74,68,74,55,63,64,0.7,3
CB,Jaxon Griffin,31,2021,71,65,63,60,72,70,69,2.0,4
CB,Damian Nolan,22,2026,76,86,77,56,79,76,70,2.7,1
CB,Andre Wells,27,2020,62,73,80,75,65,59,57,0.9,1
S,Brady Reeves,26,2021,70,75,90,53,73,73,77,1.8,1
S,Cameron Chambers,35,2014,72,57,60,68,74,80,68,2.1,3
S,Cole Rhodes,32,2014,76,71,63,67,78,73,70,2.7,4
S,Tanner Warren,29,2017,83,72,70,72,81,87,86,3.8,2
S,Emmett Holland,28,2020,76,80,78,56,76,73,69,2.7,3
S,Micah Warren,28,2024,68,71,80,60,65,68,64,1.6,4
DL,Emmett Wilson,31,2021,80,66,71,63,76,86,82,3.3,4
DL,Xavier Jackson,29,2018,70,80,83,59,70,71,68,1.8,1
DL,Darius James,22,2026,69,87,91,48,71,70,73,1.7,1
DL,Noah Maddox,23,2023,77,91,72,48,75,84,72,2.8,4
DL,Roman Young,27,2019,65,76,73,75,65,66,73,1.2,1
DL,Cameron Walker,27,2019,69,74,90,59,67,71,62,1.7,4
DL,Emmett Patterson,29,2026,71,76,85,62,68,67,73,2.0,1
DL,Micah Fisher,33,2021,82,74,77,65,87,87,80,3.6,4
DL,Dominic Hayes,32,2023,86,69,59,64,92,90,94,4.3,3
DL,Bryce Stanton,21,2026,54,82,89,60,58,49,60,0.5,4
DL,Josiah Foster,27,2026,79,81,74,58,82,79,77,3.1,2
DL,Ethan Brooks,23,2024,68,94,77,70,65,66,64,1.6,3
LB,Isaiah Collins,25,2023,72,81,70,64,72,65,68,2.1,4
LB,Darius Hayes,31,2015,75,72,73,59,76,69,72,2.5,3
LB,Roman Thompson,30,2024,81,67,80,60,75,89,79,3.4,3
LB,Parker West,30,2018,68,66,70,77,64,76,73,1.6,2
LB,Gavin Lawson,33,2013,77,60,59,82,80,72,84,2.8,3
OL,Jaxon Keller,28,2025,69,78,80,61,66,67,62,1.7,2
OL,Jalen Patterson,32,2025,73,67,62,72,81,75,71,2.2,3
OL,Keaton Keller,31,2016,67,65,62,72,63,74,70,1.5,1
OL,Devin Wilcox,32,2016,65,67,59,71,60,58,58,1.2,1
OL,Carter Taylor,32,2024,69,72,58,68,67,70,62,1.7,1
OL,Owen Hunter,29,2020,58,76,67,72,55,64,56,0.6,1
OL,Quentin Rhodes,35,2014,92,65,53,84,95,89,96,5.4,3
OL,Cole Cooper,30,2026,86,71,78,72,89,86,87,4.3,2
OL,Jace James,33,2024,80,73,71,76,80,74,80,3.3,3
OL,Gavin Mercer,35,2014,65,65,70,69,68,60,65,1.2,3
OL,Josiah Hayes,22,2026,72,82,84,57,69,68,76,2.1,4
OL,Tanner Spencer,29,2022,77,71,79,70,84,73,70,2.8,3
K,Dominic Wyatt,34,2019,87,56,76,75,81,87,56,3.0,2
QB,Trevor Young,35,2012,73,63,63,81,77,77,73,5.1,2
QB,Damian Foster,21,2026,71,91,92,64,66,65,64,4.3,4
QB,Tanner Caldwell,29,2025,77,75,75,61,78,74,74,6.6,3
RB,Xavier Kincaid,34,2023,72,57,62,63,69,76,63,2.7,4
RB,Parker Taylor,22,2026,70,95,70,61,72,68,75,2.3,3
RB,Dominic Dalton,29,2018,68,71,82,66,62,73,60,2.0,3
RB,Jayden Dawson,21,2026,75,92,88,50,78,82,83,3.2,1
RB,Sawyer Coleman,25,2026,86,74,76,53,90,86,78,5.7,3
WR,Tristan Whitaker,34,2025,79,56,63,81,79,83,83,4.1,1
WR,Landon Harper,33,2022,76,65,73,69,70,84,83,3.4,1
WR,Jace Williams,28,2019,64,79,72,74,70,71,69,1.4,3
WR,Shane Reeves,31,2026,69,73,69,68,73,77,61,2.1,2
WR,Emmett Nolan,26,2021,62,87,70,66,67,67,56,1.1,2
WR,Emmett Cooper,31,2026,69,78,76,80,75,74,67,2.1,3
WR,Shane Gibson,26,2025,75,76,87,60,79,71,73,3.2,3
WR,Tyler Cooper,26,2025,51,73,82,73,58,56,54,0.5,4
WR,Tanner Holland,24,2024,85,92,76,66,81,85,88,5.4,2
END_PLAYERS
Philadelphia Eagles, PHI
CB,Brady Foster,25,2022,69,84,90,65,62,73,72,1.7,3
CB,Ethan Gibson,24,2025,63,87,79,69,71,67,63,1.0,2
CB,Cameron Dalton,21,2026,71,87,79,63,63,72,66,2.0,4
CB,Tyler Kendrick,25,2023,59,86,89,67,65,67,59,0.7,1
CB,Carter Wright,23,2024,82,84,71,64,88,80,86,3.6,3
CB,Cole Tate,33,2026,63,67,72,66,64,72,69,1.0,3
CB,Xavier Nolan,28,2026,70,70,82,59,66,74,63,1.8,4
CB,Sam Nolan,27,2024,65,76,76,58,57,73,73,1.2,4
CB,Devin Cooper,26,2020,76,81,71,66,77,73,76,2.7,2
S,Tanner Hamilton,32,2015,63,69,80,72,56,68,60,1.0,2
S,Jalen Spencer,30,2023,76,77,84,66,77,82,68,2.7,2
S,Bryce Conley,26,2026,65,81,75,64,67,74,61,1.2,4
S,Parker Watson,21,2026,78,90,75,48,71,74,74,3.0,3
S,Shane Keller,35,2022,85,64,57,86,81,85,91,4.1,2
DL,Tanner Thompson,24,2024,84,91,78,57,83,92,91,4.0,3
DL,Isaiah Dalton,27,2022,76,73,79,65,82,84,74,2.7,1
DL,Eli Sawyer,32,2025,59,64,79,78,55,67,54,0.7,2
DL,Dominic Watson,22,2026,72,89,82,52,75,77,79,2.1,3
DL,Jared Conley,25,2026,79,79,72,64,82,75,72,3.1,2
DL,Sawyer Keller,24,2026,62,84,79,66,58,65,60,0.9,3
DL,Zachary West,30,2021,59,76,68,75,56,61,67,0.7,2
DL,Jordan Walker,30,2025,62,77,71,60,58,59,63,0.9,4
DL,Dylan Mercer,21,2026,62,87,81,51,63,65,63,0.9,1
DL,Quentin Reed,27,2023,74,82,70,70,82,70,77,2.4,3
LB,Grant Stanton,29,2026,64,70,76,56,63,72,57,1.1,2
LB,Kai Monroe,35,2014,67,58,59,81,61,60,73,1.5,4
LB,Dominic Holland,29,2020,72,72,84,61,74,70,65,2.1,4
LB,Sawyer Kincaid,23,2024,73,93,83,63,81,72,70,2.2,2
LB,Jalen Kendrick,23,2024,65,88,92,61,72,73,61,1.2,4
OL,Parker Hendrix,27,2020,76,78,89,62,84,75,71,2.7,1
OL,Marcus Lawson,27,2022,75,73,71,59,77,68,78,2.5,4
OL,Owen Patterson,26,2021,72,84,77,61,75,75,67,2.1,4
OL,Tyler Hendrix,27,2020,78,70,71,62,75,85,81,3.0,2
OL,Parker Hunter,23,2023,86,94,79,68,94,82,87,4.3,4
OL,Ethan Sullivan,26,2021,83,75,90,55,87,87,82,3.8,3
OL,Sawyer Fisher,29,2021,79,82,84,63,81,87,79,3.1,2
OL,Xavier Sullivan,22,2026,75,91,85,59,73,80,69,2.5,2
OL,Gavin Tate,32,2025,59,70,59,79,55,52,66,0.7,4
OL,Roman Spencer,30,2017,69,64,72,79,75,67,74,1.7,3
OL,Jace Whitaker,33,2023,71,61,58,69,75,76,74,2.0,4
OL,Trevor Vaughn,28,2022,65,78,85,66,61,61,60,1.2,4
K,Tanner Maddox,35,2018,62,58,61,72,68,61,64,0.8,4
QB,Rowan Tate,34,2020,76,58,60,71,80,82,83,6.2,4
QB,Brady Hendrix,30,2020,77,74,64,67,83,76,84,6.6,4
QB,Kai Rhodes,35,2013,69,55,56,70,67,66,67,3.7,1
RB,Quentin Walker,33,2021,79,58,56,84,84,87,75,4.1,3
RB,Emmett Kendrick,35,2015,59,56,61,69,64,57,62,0.8,1
RB,Sawyer Parker,32,2016,65,60,69,71,66,70,74,1.5,2
RB,Kai Fisher,22,2026,77,80,70,51,77,80,77,3.7,1
RB,Dominic Sullivan,22,2026,69,95,72,63,70,74,71,2.1,4
RB,Xavier West,34,2023,69,65,67,64,74,73,64,2.1,4
WR,Jaxon Ellis,29,2026,52,66,65,78,47,51,55,0.5,2
WR,Gavin Shepherd,28,2024,93,71,86,66,96,99,95,7.5,2
WR,Devin Reeves,21,2026,74,81,82,53,76,80,80,3.0,3
WR,Owen West,32,2018,70,64,63,78,75,67,61,2.3,2
WR,Cole Williams,22,2026,74,88,73,49,73,73,82,3.0,3
WR,Kieran Taylor,29,2021,76,79,82,71,73,73,82,3.4,2
WR,Darius Ellis,34,2018,78,69,63,73,82,84,75,3.9,4
WR,Aiden Tate,25,2025,74,87,72,67,82,81,74,3.0,4
WR,Damian Harper,35,2022,74,65,52,82,72,73,72,3.0,4
END_PLAYERS
New York Giants, NYG
CB,Cole Monroe,27,2022,75,71,88,60,76,83,81,2.5,4
CB,Andre Parker,32,2016,54,74,61,64,61,58,58,0.5,3
CB,Jalen Walker,28,2018,65,74,68,74,61,73,64,1.2,3
CB,Shane Wilcox,27,2020,61,70,77,67,69,61,53,0.9,1
CB,Jaxon Gibson,28,2022,69,73,74,61,64,73,76,1.7,3
CB,Caleb Shepherd,27,2021,73,75,85,58,65,73,66,2.2,2
CB,Ethan Jennings,34,2014,65,59,54,79,72,68,58,1.2,4
S,Noah Wyatt,34,2012,77,57,54,69,82,86,73,2.8,3
S,Tristan Webb,34,2013,73,71,60,82,68,81,74,2.2,4
S,Nate Ellis,24,2022,79,91,89,70,75,76,73,3.1,4
S,Gavin Hayes,35,2025,82,69,69,87,90,78,79,3.6,2
S,Dominic Caldwell,27,2019,72,86,84,60,73,73,79,2.1,2
S,Cole Nash,30,2017,81,64,62,63,80,90,89,3.4,3
DL,Jalen Holland,35,2016,72,55,73,80,68,66,73,2.1,2
DL,Riley Reed,28,2025,76,75,67,56,73,78,82,2.7,3
DL,Rowan Jennings,22,2026,66,96,72,49,67,67,75,1.3,1
DL,Keaton Parker,33,2013,66,64,56,83,71,63,61,1.3,2
DL,Keaton Wells,27,2019,78,82,73,65,85,73,82,3.0,4
DL,Micah Griffin,28,2024,63,71,77,74,67,67,68,1.0,3
DL,Caleb Brooks,35,2020,68,61,61,68,71,69,66,1.6,2
DL,Devin Wallace,28,2023,50,81,83,57,56,49,43,0.5,1
DL,Dominic Montgomery,26,2025,62,74,92,72,63,60,55,0.9,2
DL,Dominic Garrett,22,2026,77,96,76,58,84,74,80,2.8,2
LB,Caleb Sloan,30,2022,74,64,69,61,79,71,77,2.4,3
LB,Mason Rhodes,35,2015,71,65,62,69,77,67,77,2.0,3
LB,Riley Monroe,32,2019,71,64,80,73,67,64,65,2.0,2
LB,Quentin Collins,24,2022,68,92,72,57,73,67,67,1.6,4
LB,Tristan Marshall,33,2016,80,63,61,69,81,78,74,3.3,2
LB,Devin Hale,24,2022,85,86,83,57,89,78,93,4.1,2
OL,Jordan James,22,2026,85,81,74,62,92,83,82,4.1,2
OL,Darius Patterson,22,2026,85,93,82,47,88,92,92,4.1,4
OL,Kai Hunter,27,2021,80,72,84,66,81,84,73,3.3,3
OL,Owen Brooks,34,2023,79,66,75,79,80,77,73,3.1,3
OL,Cole Wright,21,2026,59,96,78,62,66,62,60,0.7,2
OL,Riley Whitaker,26,2021,58,82,76,63,56,62,60,0.6,4
OL,Mason Dalton,32,2024,70,60,76,77,76,68,68,1.8,3
OL,Riley Kendrick,23,2025,64,94,70,60,71,58,58,1.1,3
OL,Sam Maddox,29,2025,79,71,73,57,74,82,75,3.1,3
OL,Jordan Kendrick,31,2021,93,74,77,69,97,96,99,5.6,2
OL,Keaton Taylor,23,2024,76,91,86,66,75,82,75,2.7,3
OL,Shane Wallace,32,2018,77,71,61,66,85,81,71,2.8,1
K,Emmett Hale,32,2023,76,72,79,68,80,76,58,1.9,1
QB,Sawyer Conley,29,2020,71,66,82,66,75,65,70,4.3,3
QB,Marcus Wilson,24,2025,73,92,78,54,77,68,75,5.1,4
QB,Sawyer Mercer,27,2021,77,71,71,60,78,79,72,6.6,2
RB,Jordan Jennings,34,2023,80,65,75,75,79,83,73,4.3,2
RB,Roman Mills,23,2024,74,94,88,60,71,76,73,3.0,4
RB,Riley Brooks,29,2026,60,73,70,60,58,55,61,0.9,3
RB,Darius Dalton,22,2026,71,94,70,55,78,78,80,2.5,3
RB,Jordan Lawson,21,2026,70,82,80,62,71,70,78,2.3,3
WR,Zachary Keller,23,2024,76,86,89,69,73,84,79,3.4,3
WR,Owen Jackson,35,2025,58,66,64,66,61,63,53,0.7,2
WR,Kai Maddox,33,2024,71,72,61,64,68,77,77,2.5,4
WR,Jaxon Dawson,31,2022,75,74,81,81,70,78,78,3.2,1
WR,Dominic Nash,26,2023,74,78,72,54,80,79,73,3.0,1
WR,Carter Caldwell,28,2020,74,79,79,61,69,75,79,3.0,3
WR,Trevor Parker,27,2024,85,75,84,74,80,83,93,5.4,4
WR,Jaxon Conley,33,2015,71,66,69,71,75,74,67,2.5,4
WR,Marcus Wallace,24,2023,77,82,84,62,84,85,73,3.7,1
WR,Damian Kendrick,30,2016,72,72,76,72,69,78,64,2.7,1
END_PLAYERS
New Orleans Saints, NO
CB,Jalen Keller,21,2026,79,95,70,47,71,77,74,3.1,1
CB,Emmett Turner,28,2019,62,70,76,71,67,61,68,0.9,4
CB,Eli Holland,28,2021,78,84,86,75,71,74,85,3.0,4
CB,Trevor Wright,21,2026,85,81,72,59,81,94,92,4.1,2
CB,Brady Nolan,28,2021,72,69,79,66,72,77,66,2.1,2
CB,Cole Taylor,21,2026,62,91,91,53,61,61,58,0.9,2
CB,Brady Conley,30,2023,77,77,81,74,76,80,85,2.8,1
S,Jace Sullivan,30,2019,77,79,68,63,70,78,77,2.8,4
S,Dylan Wright,32,2016,69,69,75,63,66,66,65,1.7,4
S,Marcus West,29,2026,79,68,71,64,84,82,77,3.1,3
S,Micah Vaughn,33,2023,79,74,75,76,86,81,78,3.1,1
S,Kieran Wyatt,21,2026,62,86,81,61,62,66,56,0.9,4
S,Ethan Griffin,33,2024,70,62,59,69,64,71,68,1.8,1
DL,Nate Reed,28,2022,79,69,71,76,78,84,72,3.1,2
DL,Kai Wright,33,2026,74,72,69,73,79,76,81,2.4,1
DL,Eli Bennett,33,2019,77,71,62,64,72,85,82,2.8,2
DL,Ethan Lawson,22,2026,91,94,86,58,90,98,99,5.2,4
DL,Darius Wallace,32,2020,76,76,80,72,77,71,77,2.7,1
DL,Carter Wilson,28,2018,67,74,74,60,68,61,74,1.5,4
DL,Brady Carter,29,2019,78,82,82,67,80,84,80,3.0,3
DL,Damian Holland,21,2026,74,81,76,62,74,68,72,2.4,4
DL,Josiah Reed,25,2026,71,85,87,68,68,73,79,2.0,3
DL,Gavin Kincaid,24,2023,79,80,84,54,74,78,83,3.1,1
LB,Xavier Kendrick,28,2020,80,82,85,58,81,80,86,3.3,2
LB,Dylan Tate,34,2021,80,61,74,75,73,80,81,3.3,2
LB,Dylan Conley,24,2026,70,77,85,64,65,71,68,1.8,2
LB,Grant Wilcox,24,2022,86,79,70,67,84,80,84,4.3,4
LB,Andre Hunter,24,2026,69,92,72,56,77,75,69,1.7,4
OL,Rowan Warren,31,2019,60,74,73,71,57,54,68,0.8,2
OL,Quentin Keller,24,2026,93,76,84,65,98,95,96,5.6,4
OL,Sam Wright,27,2023,76,77,79,60,78,82,79,2.7,2
OL,Tyler Turner,22,2026,78,93,88,64,82,81,76,3.0,3
OL,Parker Carter,23,2023,70,89,88,56,75,69,67,1.8,4
OL,Zachary Rhodes,23,2026,68,82,84,48,76,74,66,1.6,2
OL,Rowan Griffin,30,2017,73,74,76,69,74,72,75,2.2,4
OL,Micah Parker,26,2026,51,84,86,56,56,53,59,0.5,4
OL,Tanner Sullivan,31,2020,69,78,70,76,71,68,73,1.7,1
OL,Kendall Shepherd,32,2014,72,68,64,70,80,72,74,2.1,3
OL,Sawyer Foster,33,2025,79,74,78,79,81,83,87,3.1,2
OL,Caleb Young,24,2026,71,89,74,51,68,65,72,2.0,4
K,Tyler Dawson,33,2022,78,69,77,75,75,76,52,2.1,1
QB,Tyler Patterson,27,2023,65,77,71,55,70,64,66,2.4,1
QB,Brady Morrison,33,2021,65,62,75,75,68,66,65,2.4,1
QB,Nate Nash,33,2021,82,67,62,76,85,84,78,8.7,4
RB,Parker Williams,26,2023,59,86,83,64,64,67,63,0.8,2
RB,Xavier Rhodes,30,2019,62,64,71,65,65,67,63,1.1,4
RB,Shane Sloan,35,2016,73,54,52,79,78,82,71,2.9,2
RB,Josiah Whitaker,35,2012,84,59,57,74,86,80,79,5.2,4
RB,Rowan Carter,30,2026,77,67,69,69,71,79,72,3.7,4
RB,Zachary Sawyer,21,2026,76,85,75,67,76,73,85,3.4,3
RB,Devin Montgomery,24,2023,79,78,88,54,77,86,84,4.1,4
WR,Trevor Williams,24,2022,78,79,74,70,82,77,73,3.9,4
WR,Mason Turner,30,2020,70,66,69,68,71,66,62,2.3,4
WR,Nate Maddox,30,2019,85,76,78,61,91,94,79,5.4,3
WR,Tristan Rivers,31,2024,83,75,65,69,83,84,81,5.0,3
WR,Aiden Conley,22,2026,77,88,80,52,73,79,73,3.7,1
WR,Tristan Lawson,26,2023,61,83,71,73,61,66,68,1.0,1
WR,Rowan Wilcox,31,2021,66,76,69,63,60,66,74,1.7,2
WR,Xavier Shepherd,31,2022,84,73,75,72,92,80,78,5.2,3
WR,Gavin Patterson,31,2019,76,68,68,74,82,76,84,3.4,4
END_PLAYERS
Carolina Panthers, CAR
CB,Nate Sawyer,34,2018,69,60,60,65,65,73,70,1.7,4
CB,Carter Maddox,27,2021,71,81,74,68,78,70,67,2.0,2
CB,Kai James,30,2020,82,74,63,77,87,88,82,3.6,2
CB,Caleb Kincaid,32,2020,72,71,64,61,65,78,76,2.1,2
CB,Noah Shepherd,21,2026,83,89,83,61,75,92,91,3.8,4
CB,Xavier Watson,25,2025,53,81,89,62,59,51,51,0.5,3
CB,Riley Lawson,34,2019,71,68,71,83,63,67,67,2.0,2
S,Tristan Young,34,2015,85,64,71,63,81,88,91,4.1,3
S,Marcus Warren,35,2015,66,60,74,71,71,70,63,1.3,1
S,Bryce Mercer,28,2022,73,83,88,74,74,75,70,2.2,2
S,Jordan Griffin,24,2025,76,86,77,69,78,75,78,2.7,4
S,Emmett Jennings,27,2025,85,82,76,65,91,81,90,4.1,4
S,Xavier Bennett,32,2016,83,70,65,68,79,82,77,3.8,3
DL,Noah Harper,27,2019,69,86,75,58,67,70,78,1.7,2
DL,Zachary Ellis,23,2026,82,91,84,69,90,87,91,3.6,2
DL,Shane Rivers,27,2024,76,73,70,66,80,73,77,2.7,1
DL,Darius Hamilton,24,2023,80,89,79,64,78,78,74,3.3,3
DL,Landon Nash,22,2026,89,92,78,68,97,91,92,4.8,3
DL,Eli Whitaker,35,2013,75,57,66,85,74,70,71,2.5,1
DL,Bryce Young,24,2026,64,88,78,59,72,71,67,1.1,3
DL,Aiden Harper,24,2023,56,85,71,59,56,55,59,0.5,3
DL,Cameron Rhodes,34,2025,67,62,55,72,68,69,60,1.5,3
DL,Emmett Sullivan,29,2020,77,76,81,64,78,78,80,2.8,3
DL,Carter Rivers,35,2023,60,62,67,68,60,54,65,0.8,1
LB,Aiden Garrett,34,2015,66,68,76,64,70,61,74,1.3,1
LB,Caleb Dalton,32,2018,72,65,68,71,71,74,81,2.1,3
LB,Jayden Monroe,33,2017,70,65,63,74,64,76,77,1.8,4
LB,Roman Hayes,23,2023,74,88,80,50,74,71,78,2.4,1
LB,Sawyer Webb,26,2020,86,78,76,65,92,85,87,4.3,2
LB,Jared Walker,35,2024,74,61,53,66,73,71,78,2.4,4
LB,Damian Williams,23,2023,75,92,81,62,75,80,82,2.5,4
OL,Ethan Nolan,28,2026,81,71,83,68,82,82,78,3.4,3
OL,Dominic Thompson,32,2014,77,60,61,72,72,71,71,2.8,4
OL,Tanner Carter,34,2024,88,65,70,70,94,84,90,4.7,4
OL,Noah Hunter,28,2019,70,73,66,73,76,65,65,1.8,1
OL,Josiah Sawyer,31,2025,71,62,62,67,79,65,67,2.0,3
OL,Brady Turner,33,2025,73,59,65,82,78,66,69,2.2,2
OL,Roman Monroe,23,2025,74,86,85,53,79,73,67,2.4,3
OL,Dominic Mills,21,2026,71,83,80,46,68,74,69,2.0,4
OL,Riley Wells,22,2026,70,87,91,67,74,67,71,1.8,2
OL,Roman Collins,28,2022,74,75,72,60,82,76,75,2.4,3
OL,Micah Young,25,2023,76,86,74,69,77,82,76,2.7,3
OL,Tanner Whitaker,27,2023,66,73,85,73,66,69,59,1.3,2
K,Sawyer Wilson,34,2015,75,59,74,81,80,71,62,1.8,4
QB,Jalen Jennings,30,2019,77,66,67,78,83,84,83,6.6,4
QB,Parker Kendrick,28,2022,69,74,67,73,72,73,74,3.7,4
QB,Owen Kendrick,27,2020,75,82,73,62,82,81,78,5.8,1
RB,Kieran Mills,26,2025,87,79,82,74,95,95,86,5.9,2
RB,Zachary Wilcox,33,2026,85,69,62,64,92,91,94,5.4,2
RB,Cameron Williams,29,2023,59,79,83,62,57,68,67,0.8,4
RB,Grant Chambers,21,2026,83,88,90,59,76,81,74,5.0,2
WR,Cole Collins,22,2026,71,84,92,65,71,76,71,2.5,3
WR,Isaiah Taylor,35,2015,79,57,68,67,79,76,85,4.1,2
WR,Noah Watson,27,2019,62,82,82,75,61,67,65,1.1,1
WR,Jace Parker,31,2026,50,74,77,63,46,54,50,0.5,3
WR,Josiah Maddox,33,2015,74,69,71,76,81,82,80,3.0,4
WR,Josiah Brooks,34,2014,70,62,59,79,70,67,65,2.3,4
WR,Jayden Hamilton,26,2023,68,74,73,70,65,68,64,2.0,4
WR,Dominic West,34,2013,75,59,72,77,78,81,79,3.2,4
WR,Kieran Tate,35,2013,70,63,53,71,77,69,61,2.3,1
END_PLAYERS
Tampa Bay Buccaneers, TB
CB,Xavier Dalton,26,2023,71,73,90,67,79,76,68,2.0,2
CB,Carter Reed,21,2026,62,95,86,57,69,69,63,0.9,2
CB,Roman Ellis,26,2023,66,74,89,70,70,68,70,1.3,2
CB,Tyler Sullivan,24,2022,86,88,89,68,81,95,94,4.3,4
CB,Gavin Nash,32,2023,79,68,69,75,84,84,80,3.1,2
CB,Riley Walker,25,2025,67,89,71,57,65,62,71,1.5,3
CB,Tristan Chambers,23,2024,69,78,77,63,76,77,70,1.7,4
S,Kai Keller,22,2026,69,91,89,50,68,74,66,1.7,4
S,Eli Tate,30,2026,79,77,79,67,78,75,77,3.1,1
S,Carter Watson,32,2017,53,75,67,62,61,50,51,0.5,2
S,Tanner Gibson,28,2025,81,82,78,70,73,81,89,3.4,3
S,Cameron Young,34,2014,65,70,58,80,68,71,72,1.2,3
S,Quentin Turner,35,2023,80,57,66,76,75,76,88,3.3,3
DL,Nate Cooper,28,2022,74,74,85,63,78,69,77,2.4,3
DL,Nate Hamilton,34,2019,64,56,67,73,71,58,71,1.1,1
DL,Landon Keller,27,2024,63,81,69,65,67,64,58,1.0,1
DL,Micah Williams,35,2016,89,54,58,67,85,90,87,4.8,3
DL,Darius Dawson,34,2021,87,59,73,72,84,87,95,4.5,2
DL,Quentin Dalton,30,2026,77,68,71,60,84,70,70,2.8,3
DL,Darius Mercer,34,2013,69,63,67,68,66,65,62,1.7,1
DL,Rowan Patterson,30,2022,48,77,78,66,52,46,45,0.5,2
DL,Zachary Tate,23,2025,61,84,82,63,59,69,60,0.9,1
DL,Kieran Nolan,22,2026,87,86,80,60,90,83,80,4.5,2
LB,Jared Sawyer,29,2017,79,70,84,60,81,75,82,3.1,3
LB,Rowan Wyatt,21,2026,75,82,90,47,82,72,70,2.5,4
LB,Landon Kincaid,26,2022,83,81,83,72,91,82,88,3.8,3
LB,Sawyer Rhodes,24,2026,68,82,77,65,63,66,72,1.6,3
LB,Cameron Webb,32,2017,74,60,62,64,70,72,82,2.4,3
LB,Xavier Chambers,31,2026,79,75,62,74,78,84,79,3.1,2
LB,Jared Hayes,30,2017,79,71,78,74,78,83,72,3.1,2
OL,Carter Shepherd,28,2020,85,72,85,73,84,83,92,4.1,3
OL,Tanner Harper,33,2018,74,72,70,70,74,75,72,2.4,3
OL,Dominic Reed,23,2024,62,79,83,48,60,55,69,0.9,2
OL,Noah Whitaker,25,2025,79,89,91,59,78,77,77,3.1,4
OL,Mason Reed,30,2018,67,74,75,73,73,63,64,1.5,4
OL,Sam Reeves,34,2019,78,59,56,67,82,71,86,3.0,1
OL,Gavin Wilcox,30,2026,68,73,65,78,67,73,70,1.6,2
OL,Kai Reed,30,2019,79,70,73,78,79,83,86,3.1,3
OL,Ethan Rhodes,21,2026,67,85,91,53,71,64,61,1.5,4
OL,Jordan Caldwell,30,2025,70,76,77,68,73,64,74,1.8,1
OL,Jaxon Sloan,29,2023,69,73,73,68,65,75,66,1.7,1
OL,Tanner Reeves,23,2023,68,78,78,53,68,74,69,1.6,2
K,Aiden Wallace,28,2024,71,83,76,60,71,67,50,1.4,2
QB,Sawyer Thompson,29,2026,83,71,66,71,90,76,75,9.1,3
QB,Kendall Fisher,32,2025,76,63,61,80,80,74,66,6.2,3
QB,Mason Sawyer,25,2024,79,90,74,52,82,81,80,7.4,3
RB,Jace Brooks,35,2014,85,54,70,69,82,93,76,5.4,4
RB,Ethan Hamilton,24,2026,70,84,84,61,77,74,63,2.3,4
RB,Shane Hale,32,2023,71,74,60,73,64,68,77,2.5,3
RB,Gavin Turner,26,2020,72,72,76,63,70,72,63,2.7,1
RB,Jordan Sawyer,21,2026,78,91,83,60,72,80,87,3.9,3
WR,Marcus Carter,26,2022,79,75,91,65,80,87,72,4.1,3
WR,Kai Watson,30,2019,69,80,84,65,75,65,69,2.1,2
WR,Dominic Sloan,30,2017,70,77,69,58,72,76,60,2.3,4
WR,Owen Rivers,30,2018,78,73,62,78,82,80,78,3.9,2
WR,Bryce Nolan,25,2024,76,86,79,66,81,80,84,3.4,1
WR,Sawyer Wyatt,25,2026,74,77,76,68,68,78,71,3.0,2
WR,Jayden Gibson,25,2024,69,82,81,61,68,76,75,2.1,3
WR,Eli Reed,32,2023,73,63,72,73,74,72,81,2.9,2
WR,Roman Foster,23,2023,75,84,79,51,71,71,71,3.2,4
END_PLAYERS
Atlanta Falcons, ATL
CB,Grant Monroe,23,2025,55,86,77,66,59,59,56,0.5,1
CB,Roman Marshall,27,2021,60,85,74,59,66,63,58,0.8,2
CB,Xavier Wells,31,2019,63,62,71,72,58,72,69,1.0,3
CB,Sawyer Hunter,28,2020,84,79,88,77,91,87,83,4.0,3
CB,Kieran Monroe,22,2026,79,90,85,51,78,80,83,3.1,1
CB,Kendall Nash,21,2026,77,92,78,48,77,84,85,2.8,1
CB,Cole Kendrick,23,2024,68,90,79,64,68,74,62,1.6,4
CB,Trevor Warren,22,2026,60,84,83,59,68,61,60,0.8,4
S,Isaiah Reeves,22,2026,80,83,89,67,80,81,88,3.3,3
S,Eli Carter,22,2026,78,90,75,64,77,83,75,3.0,3
S,Owen Williams,21,2026,71,90,86,55,76,67,68,2.0,3
S,Tanner Wallace,31,2019,73,76,72,62,75,78,74,2.2,4
S,Emmett Hamilton,28,2021,65,73,80,71,63,64,67,1.2,2
S,Quentin Dawson,35,2014,67,57,63,82,74,70,74,1.5,2
DL,Caleb Lawson,25,2023,64,77,82,56,70,64,62,1.1,2
DL,Kendall Collins,26,2024,68,87,90,72,64,62,74,1.6,4
DL,Riley Spencer,24,2023,55,89,70,50,56,59,57,0.5,2
DL,Ethan Chambers,34,2019,82,59,56,73,87,76,82,3.6,2
DL,Brady Holland,34,2012,74,69,54,66,70,72,77,2.4,4
DL,Jalen Vaughn,33,2023,83,72,72,73,90,81,88,3.8,3
DL,Bryce Holland,25,2022,64,89,82,52,63,62,66,1.1,4
DL,Owen Dalton,35,2026,73,65,55,79,78,66,80,2.2,3
DL,Carter Conley,32,2017,71,69,75,63,75,64,77,2.0,4
DL,Jared Young,21,2026,74,82,87,65,80,80,83,2.4,2
DL,Kai Foster,30,2020,53,78,69,63,61,49,62,0.5,4
LB,Bryce Chambers,29,2018,80,80,83,61,83,73,77,3.3,2
LB,Emmett Wyatt,21,2026,76,91,80,49,75,80,85,2.7,4
LB,Noah Wells,21,2026,78,80,89,62,79,82,73,3.0,4
LB,Devin Conley,30,2019,79,64,75,62,78,72,79,3.1,2
LB,Sam Stanton,29,2025,66,66,65,61,70,64,75,1.3,4
LB,Zachary Foster,28,2026,72,68,67,61,70,77,78,2.1,4
LB,Micah Conley,31,2022,69,78,78,64,70,64,66,1.7,3
OL,Isaiah Webb,34,2018,72,72,59,85,75,74,74,2.1,4
OL,Gavin Sloan,24,2025,76,86,84,68,83,73,80,2.7,3
OL,Devin Brooks,25,2025,63,85,85,71,59,58,67,1.0,2
OL,Kieran Watson,32,2014,60,66,76,78,58,62,56,0.8,3
OL,Sam Cooper,28,2021,67,74,68,67,71,63,67,1.5,1
OL,Jaxon Young,28,2025,73,68,75,67,73,66,70,2.2,2
OL,Rowan Holland,28,2018,83,82,70,59,82,80,80,3.8,2
OL,Aiden Watson,29,2026,83,74,84,57,91,82,91,3.8,4
OL,Landon Rhodes,35,2017,77,63,56,82,74,81,77,2.8,1
OL,Cameron Hamilton,33,2021,71,60,67,67,79,72,78,2.0,4
OL,Cole Sawyer,32,2025,72,71,65,76,77,70,70,2.1,2
OL,Sawyer Young,29,2018,83,67,80,71,82,86,83,3.8,2
K,Tyler Spencer,31,2025,62,78,60,68,60,67,58,0.8,4
QB,Gavin Parker,27,2020,71,83,81,71,77,68,72,4.3,3
QB,Ethan Williams,35,2024,82,59,57,72,86,75,84,8.7,2
QB,Gavin Conley,31,2015,65,69,68,62,70,64,59,2.4,1
RB,Caleb Griffin,27,2020,78,70,73,69,81,77,74,3.9,2
RB,Andre Stanton,32,2020,80,65,60,61,79,77,89,4.3,2
RB,Jared Jennings,32,2026,73,69,65,71,71,70,82,2.9,2
RB,Xavier Lawson,23,2025,70,94,74,67,67,72,70,2.3,2
WR,Isaiah James,21,2026,84,83,85,53,78,91,74,5.2,4
WR,Tyler Harper,22,2026,78,91,90,63,80,74,80,3.9,1
WR,Tristan Stanton,28,2019,78,82,87,71,76,86,83,3.9,2
WR,Cameron Dawson,35,2022,79,56,72,87,85,76,73,4.1,1
WR,Riley Sawyer,23,2026,83,80,76,69,89,80,80,5.0,4
WR,Tanner Nash,32,2014,68,73,60,65,72,75,75,2.0,4
WR,Darius Hendrix,24,2024,69,92,85,59,76,78,73,2.1,1
WR,Tristan Thompson,30,2019,68,65,71,79,72,69,60,2.0,1
END_PLAYERS
Los Angeles Rams, LAR
CB,Jordan Gibson,23,2023,72,79,76,53,69,72,64,2.1,2
CB,Keaton Harper,27,2025,70,84,89,56,75,69,77,1.8,3
CB,Grant Garrett,33,2017,54,60,56,79,48,55,50,0.5,1
CB,Andre Sloan,28,2020,71,83,68,55,65,71,67,2.0,2
CB,Emmett Harper,28,2024,82,81,82,71,77,81,88,3.6,2
CB,Marcus Dalton,25,2023,70,90,90,70,66,78,65,1.8,1
CB,Xavier Ellis,25,2025,71,74,87,61,72,78,68,2.0,1
S,Riley Cooper,27,2023,79,79,85,71,78,76,76,3.1,4
S,Jared Dalton,25,2024,80,84,70,51,73,76,72,3.3,3
S,Jalen Shepherd,23,2023,86,91,86,66,79,84,79,4.3,2
S,Cameron Bennett,35,2025,76,68,59,70,81,78,68,2.7,1
S,Jaxon Reed,28,2019,77,80,85,60,76,85,83,2.8,1
S,Noah Lawson,27,2021,66,79,87,60,63,61,71,1.3,3
DL,Shane Shepherd,32,2021,65,75,70,60,68,63,58,1.2,4
DL,Noah Jackson,34,2020,79,60,74,84,83,76,80,3.1,3
DL,Brady Walker,27,2022,79,76,84,71,82,85,82,3.1,3
DL,Tristan Conley,34,2023,93,67,60,73,99,95,87,5.6,4
DL,Jaxon Walker,21,2026,70,85,86,49,75,76,65,1.8,1
DL,Owen Monroe,33,2025,76,74,69,68,76,80,77,2.7,1
DL,Jayden Tate,27,2021,61,73,82,57,64,68,60,0.9,2
DL,Grant Hamilton,25,2022,79,74,75,60,81,78,84,3.1,2
DL,Caleb Chambers,34,2021,55,64,62,77,63,61,60,0.5,4
DL,Keaton Nash,22,2026,82,95,70,50,84,87,75,3.6,2
LB,Kieran West,33,2024,82,64,63,74,80,82,90,3.6,2
LB,Dylan Harper,26,2023,84,86,72,62,83,84,88,4.0,3
LB,Tristan Kendrick,27,2019,78,72,87,65,80,83,87,3.0,3
LB,Damian Jennings,22,2026,60,96,86,48,60,67,61,0.8,3
LB,Rowan Sullivan,35,2022,59,61,54,80,66,55,65,0.7,1
LB,Carter Turner,28,2026,68,77,82,67,70,74,69,1.6,4
LB,Darius Young,29,2019,58,79,65,60,53,60,61,0.6,1
OL,Bryce West,26,2022,58,78,71,57,65,54,62,0.6,3
OL,Roman Hamilton,30,2025,69,73,81,67,72,76,75,1.7,2
OL,Shane Caldwell,35,2025,68,56,71,69,64,72,66,1.6,3
OL,Jalen Fisher,25,2026,75,81,85,69,71,71,79,2.5,1
OL,Marcus Dawson,34,2012,86,63,72,74,87,94,93,4.3,2
OL,Jalen Conley,22,2026,77,90,75,67,74,73,71,2.8,2
OL,Damian Cooper,21,2026,81,92,85,50,89,75,79,3.4,3
OL,Josiah Turner,21,2026,81,93,80,66,77,74,82,3.4,4
OL,Riley Chambers,25,2026,74,76,81,66,73,68,72,2.4,2
OL,Tanner Wilcox,28,2021,48,77,68,59,51,50,56,0.5,2
OL,Devin Hayes,30,2020,79,71,76,72,85,77,77,3.1,2
OL,Roman Vaughn,21,2026,79,83,87,61,78,86,82,3.1,4
K,Grant Fisher,32,2014,65,68,70,69,70,59,65,1.0,2
QB,Sawyer Hendrix,25,2024,71,80,81,58,77,73,70,4.3,1
QB,Roman James,24,2023,79,78,76,65,84,82,74,7.4,2
QB,Shane Williams,28,2023,94,81,72,61,89,93,93,14.5,2
RB,Jared Collins,28,2025,82,76,67,61,78,91,76,4.7,3
RB,Quentin Carter,31,2022,72,74,82,74,70,68,74,2.7,2
RB,Jayden Hendrix,23,2026,69,83,81,56,69,76,63,2.1,1
RB,Kai Coleman,23,2025,72,89,89,56,79,68,78,2.7,4
RB,Noah Williams,24,2024,72,86,87,63,69,68,74,2.7,3
WR,Damian Marshall,27,2019,70,75,85,61,78,75,61,2.3,1
WR,Kendall West,25,2023,70,74,89,56,74,74,60,2.3,4
WR,Andre Mills,33,2022,73,69,57,81,68,69,81,2.9,4
WR,Isaiah Holland,34,2015,61,65,54,63,62,64,64,1.0,4
WR,Kieran Turner,30,2026,85,71,79,79,80,91,91,5.4,3
WR,Mason Jackson,23,2024,94,90,92,67,93,99,92,7.7,4
WR,Riley Hayes,35,2016,82,64,71,67,79,80,81,4.7,3
WR,Isaiah Wright,24,2026,56,80,80,64,55,53,56,0.5,1
WR,Jalen West,26,2026,68,82,75,69,68,68,69,2.0,3
END_PLAYERS
Seattle Seahawks, SEA
CB,Landon West,31,2015,70,63,73,81,72,75,65,1.8,4
CB,Dominic Kincaid,31,2017,61,71,61,70,61,62,65,0.9,3
CB,Kieran Dalton,28,2020,63,69,67,71,71,59,55,1.0,3
CB,Bryce Taylor,22,2026,75,86,88,61,82,70,70,2.5,2
CB,Bryce Brooks,21,2026,83,82,78,53,85,81,76,3.8,2
CB,Sam Dawson,26,2021,76,85,76,65,72,72,69,2.7,3
CB,Dominic Coleman,35,2018,75,56,73,82,69,73,81,2.5,3
S,Micah Sullivan,22,2026,75,85,81,55,69,70,83,2.5,4
S,Cameron Mercer,22,2026,79,91,79,48,75,81,76,3.1,4
S,Trevor Webb,33,2021,66,74,66,65,65,68,63,1.3,2
S,Andre Taylor,22,2026,83,88,85,50,79,84,90,3.8,4
S,Kieran Collins,29,2020,75,76,74,74,72,72,83,2.5,4
S,Roman Hendrix,29,2021,72,82,72,57,72,74,72,2.1,1
DL,Xavier Mercer,26,2021,58,73,91,73,63,64,53,0.6,1
DL,Mason Sullivan,29,2023,86,78,86,74,89,88,80,4.3,4
DL,Eli Nash,21,2026,65,96,78,55,70,70,62,1.2,1
DL,Nate Brooks,25,2022,86,75,80,51,92,87,92,4.3,3
DL,Mason Hayes,33,2015,61,74,57,77,59,65,55,0.9,1
DL,Aiden Maddox,30,2020,82,67,70,63,83,86,87,3.6,2
DL,Shane Sullivan,31,2017,52,67,67,81,52,56,54,0.5,1
DL,Sawyer Mills,29,2026,71,74,82,62,67,73,73,2.0,3
DL,Caleb Thompson,31,2018,79,77,67,66,85,86,82,3.1,3
DL,Bryce Carter,33,2015,85,61,68,70,90,93,93,4.1,2
LB,Jordan Tate,23,2025,78,88,88,55,86,79,79,3.0,1
LB,Cameron Brooks,23,2024,82,88,83,54,85,81,89,3.6,2
LB,Owen Hendrix,35,2024,92,61,57,70,85,97,86,5.4,2
LB,Tanner Wright,32,2015,68,64,70,71,70,70,77,1.6,4
LB,Brady Williams,33,2013,58,64,56,69,61,66,58,0.6,2
LB,Owen Kincaid,26,2025,73,86,79,67,76,79,79,2.2,4
LB,Parker Spencer,35,2014,70,66,55,65,68,67,73,1.8,2
OL,Landon Spencer,29,2020,63,68,85,72,60,64,60,1.0,2
OL,Kieran Garrett,21,2026,73,83,87,59,80,75,75,2.2,4
OL,Roman Dawson,23,2024,65,85,80,65,63,65,61,1.2,3
OL,Eli Chambers,24,2026,72,85,82,49,67,69,78,2.1,1
OL,Brady Coleman,22,2026,69,83,72,50,66,62,72,1.7,4
OL,Damian Spencer,25,2024,60,84,70,58,62,59,59,0.8,2
OL,Eli James,24,2023,74,77,74,67,81,67,76,2.4,2
OL,Jared Bennett,33,2021,72,63,77,70,71,66,65,2.1,2
OL,Carter Montgomery,29,2020,68,71,65,78,64,74,68,1.6,3
OL,Tristan West,21,2026,58,85,85,57,66,65,52,0.6,3
OL,Aiden Stanton,22,2026,78,94,77,58,85,83,85,3.0,1
OL,Grant Reed,33,2021,73,71,73,80,73,70,66,2.2,1
K,Aiden Sawyer,33,2015,94,61,69,77,92,99,40,3.9,4
QB,Carter Young,25,2026,64,88,75,60,65,68,59,2.2,4
QB,Keaton Reeves,29,2020,77,71,75,62,75,77,81,6.6,4
QB,Andre Tate,34,2015,59,56,67,80,60,65,63,1.0,1
RB,Keaton Shepherd,30,2016,59,75,78,66,53,55,63,0.8,2
RB,Eli Caldwell,21,2026,60,95,72,55,55,61,63,0.9,2
RB,Eli Patterson,25,2022,75,80,82,59,78,82,76,3.2,2
RB,Keaton Kendrick,31,2024,75,69,82,73,81,74,76,3.2,1
RB,Emmett Sloan,32,2014,81,71,65,64,84,82,74,4.5,4
WR,Eli Mills,32,2026,82,64,78,78,90,88,85,4.7,3
WR,Emmett Warren,35,2026,64,62,72,74,63,68,72,1.4,2
WR,Jordan Dawson,33,2022,76,68,61,80,78,84,74,3.4,2
WR,Marcus Nolan,32,2022,72,61,70,69,75,74,66,2.7,2
WR,Jalen Montgomery,26,2022,71,85,84,60,79,69,65,2.5,3
WR,Kai Griffin,30,2020,81,71,62,61,85,78,82,4.5,2
WR,Jace Hunter,24,2025,75,90,81,67,83,80,81,3.2,4
WR,Rowan Nolan,33,2016,67,58,56,64,67,68,59,1.8,3
WR,Quentin Marshall,27,2019,85,73,75,71,92,82,81,5.4,3
END_PLAYERS
San Francisco 49ers, SF
CB,Jared Maddox,30,2016,74,73,84,72,67,82,80,2.4,1
CB,Jaxon Spencer,30,2026,70,68,71,72,78,78,66,1.8,2
CB,Marcus Turner,35,2013,72,60,74,80,71,77,72,2.1,3
CB,Gavin Dalton,23,2024,72,87,70,57,66,81,67,2.1,1
CB,Sawyer Collins,28,2023,74,72,78,67,76,70,68,2.4,3
CB,Landon Chambers,26,2023,77,79,72,68,80,75,80,2.8,4
CB,Grant Montgomery,27,2022,80,74,72,62,74,75,74,3.3,3
S,Cole Wells,32,2022,64,67,78,79,66,67,62,1.1,2
S,Landon Mercer,30,2023,83,65,76,69,87,82,84,3.8,3
S,Caleb Jackson,35,2014,76,61,63,77,70,80,84,2.7,1
S,Jordan Vaughn,29,2021,87,73,71,73,94,94,91,4.5,4
S,Kieran Thompson,25,2024,74,79,81,58,79,79,80,2.4,1
S,Isaiah Shepherd,23,2024,69,79,76,49,75,75,74,1.7,4
DL,Devin Wright,22,2026,67,87,76,60,65,63,76,1.5,3
DL,Parker Bennett,21,2026,65,87,73,65,74,59,65,1.2,2
DL,Isaiah Rivers,34,2025,65,58,69,76,62,66,59,1.2,3
DL,Kieran Williams,28,2019,63,82,79,70,68,69,62,1.0,1
DL,Rowan Hendrix,35,2019,51,60,68,77,51,58,50,0.5,1
DL,Rowan Young,23,2026,81,88,81,57,78,84,77,3.4,3
DL,Aiden Shepherd,31,2019,73,76,71,72,75,75,67,2.2,2
DL,Sawyer Carter,30,2023,69,69,73,59,70,62,71,1.7,2
DL,Owen Tate,24,2025,78,89,75,61,81,82,81,3.0,3
DL,Sam Harper,27,2025,87,71,84,55,95,85,82,4.5,3
LB,Damian Wallace,33,2021,68,67,57,64,73,62,69,1.6,2
LB,Noah Fisher,29,2019,59,81,79,73,61,63,65,0.7,4
LB,Isaiah Reed,21,2026,61,95,80,46,58,58,55,0.9,3
LB,Cole Walker,22,2026,75,84,80,49,74,71,74,2.5,2
LB,Jared Rhodes,32,2019,76,73,64,64,77,73,77,2.7,3
LB,Jared Montgomery,27,2023,72,72,89,59,75,71,81,2.1,1
LB,Quentin Mills,22,2026,81,91,91,63,80,74,87,3.4,3
OL,Jordan Webb,21,2026,78,85,91,56,85,85,79,3.0,1
OL,Caleb Tate,30,2024,75,69,75,63,76,80,79,2.5,4
OL,Micah Dalton,25,2024,70,74,75,58,66,64,78,1.8,4
OL,Jordan Foster,29,2021,72,71,76,76,68,69,69,2.1,2
OL,Devin Dawson,30,2026,70,77,77,70,77,78,67,1.8,2
OL,Carter James,33,2015,63,67,71,81,63,64,57,1.0,3
OL,Keaton Williams,22,2026,82,80,82,48,82,83,78,3.6,3
OL,Kieran Harper,35,2013,66,63,72,73,68,63,73,1.3,1
OL,Owen Dawson,23,2023,77,78,80,56,85,81,83,2.8,2
OL,Josiah Wyatt,34,2025,55,63,54,74,61,53,63,0.5,1
OL,Emmett Spencer,29,2023,66,81,74,65,61,63,73,1.3,4
OL,Bryce Nash,32,2025,78,69,65,73,84,86,86,3.0,1
K,Roman Stanton,34,2020,85,60,59,83,82,88,44,2.8,2
QB,Kendall Rhodes,34,2017,70,64,76,83,66,70,72,4.0,1
QB,Devin Kincaid,31,2026,65,70,80,69,66,70,69,2.4,4
QB,Owen Conley,31,2023,94,63,74,78,92,91,90,14.5,2
RB,Damian Hale,35,2023,66,57,58,73,68,61,71,1.7,4
RB,Brady Wilcox,25,2022,60,79,81,52,54,58,52,0.9,1
RB,Roman Jackson,27,2020,76,82,71,53,78,79,85,3.4,3
RB,Jared Mills,35,2013,52,59,52,82,48,56,61,0.5,1
RB,Cameron Mills,34,2018,78,71,65,82,71,82,86,3.9,3
WR,Grant Kincaid,27,2023,67,76,68,64,65,73,65,1.8,1
WR,Devin Rhodes,28,2022,71,69,84,55,77,74,77,2.5,3
WR,Kendall Walker,23,2025,76,80,81,64,72,81,78,3.4,4
WR,Caleb Williams,30,2017,80,72,82,60,75,76,88,4.3,2
WR,Mason Conley,25,2025,63,80,73,62,68,61,69,1.2,1
WR,Jaxon West,29,2026,86,67,76,74,89,95,82,5.7,4
WR,Emmett Coleman,25,2022,75,87,72,58,73,74,83,3.2,2
WR,Kai Ellis,26,2025,59,79,79,69,63,67,64,0.8,3
WR,Quentin Monroe,29,2026,71,75,71,75,69,68,64,2.5,2
END_PLAYERS
Arizona Cardinals, ARZ
CB,Noah Wilcox,35,2014,94,69,67,78,99,99,87,5.8,3
CB,Riley Jackson,32,2019,76,67,73,80,68,74,69,2.7,1
CB,Landon Caldwell,35,2017,79,70,71,74,79,88,80,3.1,3
CB,Mason Reeves,33,2014,68,72,77,77,74,65,76,1.6,2
CB,Darius Walker,27,2021,74,76,87,75,78,69,66,2.4,1
CB,Kendall Warren,33,2013,72,60,65,70,73,74,71,2.1,3
CB,Brady Hale,35,2019,85,64,65,85,85,92,93,4.1,3
CB,Brady Kincaid,34,2015,58,66,66,80,65,55,52,0.6,3
S,Marcus Kendrick,23,2024,64,93,81,57,72,68,63,1.1,3
S,Grant Nash,29,2021,76,67,70,75,72,83,70,2.7,3
S,Sawyer Hayes,34,2015,61,64,76,78,60,56,69,0.9,2
S,Riley Marshall,29,2024,70,82,79,67,72,67,73,1.8,3
S,Jaxon Brooks,32,2021,80,71,78,61,73,79,80,3.3,2
S,Tyler Parker,33,2018,72,71,73,79,74,74,70,2.1,3
DL,Carter Stanton,32,2015,83,72,71,71,86,82,91,3.8,2
DL,Tanner Patterson,27,2022,88,74,81,68,83,91,90,4.7,4
DL,Gavin Wallace,31,2025,72,62,76,67,77,78,77,2.1,4
DL,Landon Sloan,27,2024,63,72,79,63,61,63,71,1.0,4
DL,Josiah Monroe,21,2026,66,87,71,52,65,69,62,1.3,2
DL,Keaton Jennings,32,2020,79,63,77,71,84,80,79,3.1,4
DL,Xavier Parker,28,2025,52,80,72,70,47,51,47,0.5,4
DL,Emmett Caldwell,24,2022,73,88,75,68,71,77,67,2.2,3
DL,Tanner Wyatt,30,2022,94,78,69,69,96,90,99,5.8,3
DL,Emmett Dalton,35,2025,79,70,53,83,84,77,83,3.1,1
LB,Owen Coleman,22,2026,60,81,76,54,53,62,67,0.8,4
LB,Mason Wells,21,2026,75,93,81,67,76,77,74,2.5,3
LB,Isaiah Gibson,32,2016,91,61,67,69,92,98,94,5.2,2
LB,Brady Warren,30,2022,65,78,83,68,63,66,66,1.2,2
LB,Jordan Conley,26,2026,65,87,84,52,66,67,70,1.2,2
LB,Kai Chambers,30,2016,79,73,83,68,75,86,88,3.1,1
OL,Jordan Taylor,31,2021,76,64,72,70,73,84,80,2.7,3
OL,Quentin Hunter,27,2020,80,70,69,69,75,75,85,3.3,2
OL,Landon James,25,2025,68,76,78,68,66,67,63,1.6,4
OL,Jaxon Fisher,21,2026,76,86,80,57,75,78,78,2.7,1
OL,Quentin Brooks,27,2019,64,73,72,63,65,57,70,1.1,2
OL,Xavier Wallace,25,2025,71,84,88,69,74,76,69,2.0,3
OL,Nate Kincaid,27,2024,91,83,83,68,87,94,96,5.2,4
OL,Kieran Brooks,27,2026,92,80,69,64,99,95,99,5.4,2
OL,Caleb Foster,33,2021,84,71,67,78,81,81,82,4.0,4
OL,Landon Hunter,22,2026,58,95,82,48,65,53,54,0.6,2
OL,Tanner Garrett,26,2023,64,77,89,52,59,62,62,1.1,3
OL,Gavin Thompson,35,2018,59,65,58,85,56,63,65,0.7,2
K,Shane Young,31,2018,58,69,61,76,64,55,65,0.6,1
QB,Kendall Mercer,30,2025,70,80,83,73,74,70,72,4.0,4
QB,Bryce Kendrick,35,2026,68,61,69,75,70,69,62,3.3,4
QB,Xavier James,35,2020,80,59,63,82,82,78,73,7.8,2
RB,Keaton West,23,2026,51,81,78,66,50,59,53,0.5,4
RB,Aiden Chambers,24,2025,80,76,85,70,77,81,85,4.3,2
RB,Quentin Webb,33,2016,71,73,56,83,78,67,67,2.5,4
RB,Noah Brooks,21,2026,70,96,79,58,72,77,62,2.3,1
RB,Kieran Hamilton,26,2020,77,78,91,63,70,86,76,3.7,3
WR,Brady Mills,33,2025,76,71,59,71,84,72,66,3.4,3
WR,Darius Thompson,25,2023,77,78,89,54,83,75,71,3.7,3
WR,Noah Mills,35,2017,69,68,65,72,64,69,63,2.1,2
WR,Noah Rhodes,31,2024,66,78,61,66,74,62,72,1.7,1
WR,Zachary Webb,26,2022,85,81,83,72,82,85,76,5.4,3
WR,Zachary Wyatt,21,2026,62,91,82,67,60,60,63,1.1,2
WR,Sam Montgomery,32,2018,74,73,59,64,82,75,79,3.0,3
WR,Jared Brooks,34,2021,65,56,63,69,69,63,61,1.5,3
WR,Eli Cooper,33,2022,81,68,73,76,89,90,87,4.5,4
END_PLAYERS

